dataElement,period,orgUnit,categoryOptionCombo,attributeOptionCombo,value
afMU582wyjr,202405,DAzDgWYcR87,d6H2uRuFu1t,,2
afMU582wyjr,202405,DAzDgWYcR87,Bkx1ls085wh,,3
afMU582wyjr,202405,DAzDgWYcR87,c6giVLetbtS,,1
afMU582wyjr,202405,DAzDgWYcR87,DZdOUyhJ7jY,,1
afMU582wyjr,202405,DAzDgWYcR87,l3prxMDlmR2,,2
afMU582wyjr,202405,DAzDgWYcR87,VnG1bujYXFO,,2
afMU582wyjr,202405,DAzDgWYcR87,nAmNxGivtZp,,1
p7EP9qMVwqg,202405,DAzDgWYcR87,d6H2uRuFu1t,,16
p7EP9qMVwqg,202405,DAzDgWYcR87,Bkx1ls085wh,,13
p7EP9qMVwqg,202405,DAzDgWYcR87,c6giVLetbtS,,9
p7EP9qMVwqg,202405,DAzDgWYcR87,q6626ce9TuF,,1
p7EP9qMVwqg,202405,DAzDgWYcR87,DZdOUyhJ7jY,,1
p7EP9qMVwqg,202405,DAzDgWYcR87,l3prxMDlmR2,,3
p7EP9qMVwqg,202405,DAzDgWYcR87,VnG1bujYXFO,,9
p7EP9qMVwqg,202405,DAzDgWYcR87,q05S3F3dR5x,,3
p7EP9qMVwqg,202405,DAzDgWYcR87,KXYtnasHRY1,,1
p7EP9qMVwqg,202405,DAzDgWYcR87,nAmNxGivtZp,,4
p7EP9qMVwqg,202405,DAzDgWYcR87,z1BDHlCs6ZQ,,1
p7EP9qMVwqg,202405,DAzDgWYcR87,KEYtOYaTX8f,,1
p7EP9qMVwqg,202405,DAzDgWYcR87,Oi2gHeBaXlg,,1
p7EP9qMVwqg,202405,DAzDgWYcR87,ggKrFA13JV4,,1
p7EP9qMVwqg,202405,DAzDgWYcR87,BkPc3fi0d9y,,1
p7EP9qMVwqg,202405,DAzDgWYcR87,urBNBOj7wJ6,,1
xS1Lke6V3Mi,202405,DAzDgWYcR87,gEJ6qioKAKT,,3
xS1Lke6V3Mi,202405,DAzDgWYcR87,qLX4sVePBgY,,1
xS1Lke6V3Mi,202405,DAzDgWYcR87,kwtmCrGyQXV,,3
xS1Lke6V3Mi,202405,DAzDgWYcR87,h1WIloP9kCN,,1
xS1Lke6V3Mi,202405,DAzDgWYcR87,tYUgvzb1vme,,1
xS1Lke6V3Mi,202405,DAzDgWYcR87,rHGpmF6nIpk,,1
afMU582wyjr,202405,K4Rp81pn9ke,urBNBOj7wJ6,,3
afMU582wyjr,202405,K4Rp81pn9ke,d6H2uRuFu1t,,6
afMU582wyjr,202405,K4Rp81pn9ke,Bkx1ls085wh,,2
afMU582wyjr,202405,K4Rp81pn9ke,q05S3F3dR5x,,1
afMU582wyjr,202405,K4Rp81pn9ke,VnG1bujYXFO,,1
afMU582wyjr,202405,K4Rp81pn9ke,nAmNxGivtZp,,1
afMU582wyjr,202405,K4Rp81pn9ke,c6giVLetbtS,,1
afMU582wyjr,202405,K4Rp81pn9ke,Dt1XF1qdQEj,,1
afMU582wyjr,202405,K4Rp81pn9ke,BkPc3fi0d9y,,1
afMU582wyjr,202405,K4Rp81pn9ke,z1BDHlCs6ZQ,,1
afMU582wyjr,202405,K4Rp81pn9ke,ggKrFA13JV4,,5
afMU582wyjr,202405,K4Rp81pn9ke,DZdOUyhJ7jY,,3
afMU582wyjr,202405,K4Rp81pn9ke,FWUa85QQgwr,,1
p7EP9qMVwqg,202405,K4Rp81pn9ke,urBNBOj7wJ6,,7
p7EP9qMVwqg,202405,K4Rp81pn9ke,d6H2uRuFu1t,,18
p7EP9qMVwqg,202405,K4Rp81pn9ke,nAmNxGivtZp,,12
p7EP9qMVwqg,202405,K4Rp81pn9ke,DZdOUyhJ7jY,,11
p7EP9qMVwqg,202405,K4Rp81pn9ke,Oi2gHeBaXlg,,14
p7EP9qMVwqg,202405,K4Rp81pn9ke,Bkx1ls085wh,,13
p7EP9qMVwqg,202405,K4Rp81pn9ke,KEYtOYaTX8f,,5
p7EP9qMVwqg,202405,K4Rp81pn9ke,z1BDHlCs6ZQ,,6
p7EP9qMVwqg,202405,K4Rp81pn9ke,zZ9qcv1TDrd,,3
p7EP9qMVwqg,202405,K4Rp81pn9ke,l3prxMDlmR2,,2
p7EP9qMVwqg,202405,K4Rp81pn9ke,Ex9UGjgH5kz,,1
p7EP9qMVwqg,202405,K4Rp81pn9ke,LNnXcqLQysq,,3
p7EP9qMVwqg,202405,K4Rp81pn9ke,VnG1bujYXFO,,12
p7EP9qMVwqg,202405,K4Rp81pn9ke,q05S3F3dR5x,,4
p7EP9qMVwqg,202405,K4Rp81pn9ke,TQ1rNJaFOXG,,3
p7EP9qMVwqg,202405,K4Rp81pn9ke,FWUa85QQgwr,,2
p7EP9qMVwqg,202405,K4Rp81pn9ke,ggKrFA13JV4,,9
p7EP9qMVwqg,202405,K4Rp81pn9ke,bcE84lWmc6J,,5
p7EP9qMVwqg,202405,K4Rp81pn9ke,q6626ce9TuF,,11
p7EP9qMVwqg,202405,K4Rp81pn9ke,c6giVLetbtS,,4
p7EP9qMVwqg,202405,K4Rp81pn9ke,Dt1XF1qdQEj,,2
p7EP9qMVwqg,202405,K4Rp81pn9ke,BkPc3fi0d9y,,5
p7EP9qMVwqg,202405,K4Rp81pn9ke,ZKxOEssIh8z,,2
p7EP9qMVwqg,202405,K4Rp81pn9ke,zUinpc7wvRx,,1
p7EP9qMVwqg,202405,K4Rp81pn9ke,KXYtnasHRY1,,1
xS1Lke6V3Mi,202405,K4Rp81pn9ke,rHGpmF6nIpk,,1
afMU582wyjr,202405,KBwIeXdNrEP,KEYtOYaTX8f,,3
afMU582wyjr,202405,KBwIeXdNrEP,c6giVLetbtS,,6
afMU582wyjr,202405,KBwIeXdNrEP,Bkx1ls085wh,,4
afMU582wyjr,202405,KBwIeXdNrEP,d6H2uRuFu1t,,5
afMU582wyjr,202405,KBwIeXdNrEP,l3prxMDlmR2,,4
afMU582wyjr,202405,KBwIeXdNrEP,ggKrFA13JV4,,2
afMU582wyjr,202405,KBwIeXdNrEP,Oi2gHeBaXlg,,3
afMU582wyjr,202405,KBwIeXdNrEP,urBNBOj7wJ6,,2
afMU582wyjr,202405,KBwIeXdNrEP,z1BDHlCs6ZQ,,1
afMU582wyjr,202405,KBwIeXdNrEP,VnG1bujYXFO,,2
afMU582wyjr,202405,KBwIeXdNrEP,Ex9UGjgH5kz,,1
afMU582wyjr,202405,KBwIeXdNrEP,DZdOUyhJ7jY,,1
afMU582wyjr,202405,KBwIeXdNrEP,nAmNxGivtZp,,5
afMU582wyjr,202405,KBwIeXdNrEP,KXYtnasHRY1,,2
afMU582wyjr,202405,KBwIeXdNrEP,LNnXcqLQysq,,2
afMU582wyjr,202405,KBwIeXdNrEP,BkPc3fi0d9y,,1
p7EP9qMVwqg,202405,KBwIeXdNrEP,KEYtOYaTX8f,,18
p7EP9qMVwqg,202405,KBwIeXdNrEP,c6giVLetbtS,,24
p7EP9qMVwqg,202405,KBwIeXdNrEP,nAmNxGivtZp,,38
p7EP9qMVwqg,202405,KBwIeXdNrEP,Bkx1ls085wh,,59
p7EP9qMVwqg,202405,KBwIeXdNrEP,zZ9qcv1TDrd,,2
p7EP9qMVwqg,202405,KBwIeXdNrEP,ggKrFA13JV4,,13
p7EP9qMVwqg,202405,KBwIeXdNrEP,d6H2uRuFu1t,,49
p7EP9qMVwqg,202405,KBwIeXdNrEP,urBNBOj7wJ6,,13
p7EP9qMVwqg,202405,KBwIeXdNrEP,LNnXcqLQysq,,11
p7EP9qMVwqg,202405,KBwIeXdNrEP,VnG1bujYXFO,,21
p7EP9qMVwqg,202405,KBwIeXdNrEP,YE2FhUwTqmw,,2
p7EP9qMVwqg,202405,KBwIeXdNrEP,FWUa85QQgwr,,4
p7EP9qMVwqg,202405,KBwIeXdNrEP,l3prxMDlmR2,,11
p7EP9qMVwqg,202405,KBwIeXdNrEP,z1BDHlCs6ZQ,,4
p7EP9qMVwqg,202405,KBwIeXdNrEP,q05S3F3dR5x,,4
p7EP9qMVwqg,202405,KBwIeXdNrEP,Oi2gHeBaXlg,,11
p7EP9qMVwqg,202405,KBwIeXdNrEP,BkPc3fi0d9y,,7
p7EP9qMVwqg,202405,KBwIeXdNrEP,Dt1XF1qdQEj,,1
p7EP9qMVwqg,202405,KBwIeXdNrEP,Ex9UGjgH5kz,,6
p7EP9qMVwqg,202405,KBwIeXdNrEP,bcE84lWmc6J,,5
p7EP9qMVwqg,202405,KBwIeXdNrEP,KXYtnasHRY1,,6
p7EP9qMVwqg,202405,KBwIeXdNrEP,DZdOUyhJ7jY,,5
p7EP9qMVwqg,202405,KBwIeXdNrEP,DnVRKKNTMBf,,2
p7EP9qMVwqg,202405,KBwIeXdNrEP,q6626ce9TuF,,6
p7EP9qMVwqg,202405,KBwIeXdNrEP,yJV2FqniWS4,,1
p7EP9qMVwqg,202405,KBwIeXdNrEP,TQ1rNJaFOXG,,1
xS1Lke6V3Mi,202405,KBwIeXdNrEP,TRrp9joSTDX,,1
xS1Lke6V3Mi,202405,KBwIeXdNrEP,FDKJX1wHd69,,2
xS1Lke6V3Mi,202405,KBwIeXdNrEP,XEpB6AWLFsL,,1
xS1Lke6V3Mi,202405,KBwIeXdNrEP,rvysI7BkacY,,3
xS1Lke6V3Mi,202405,KBwIeXdNrEP,tYUgvzb1vme,,6
xS1Lke6V3Mi,202405,KBwIeXdNrEP,Ef4KxbjGxbT,,3
xS1Lke6V3Mi,202405,KBwIeXdNrEP,gEJ6qioKAKT,,3
xS1Lke6V3Mi,202405,KBwIeXdNrEP,XHv6fAXRNlR,,1
xS1Lke6V3Mi,202405,KBwIeXdNrEP,JQvmQoGt2fF,,2
xS1Lke6V3Mi,202405,KBwIeXdNrEP,mj84eKQr31q,,1
xS1Lke6V3Mi,202405,KBwIeXdNrEP,qLX4sVePBgY,,1
xS1Lke6V3Mi,202405,KBwIeXdNrEP,kwtmCrGyQXV,,3
xS1Lke6V3Mi,202405,KBwIeXdNrEP,WCiei0IYHel,,1
xS1Lke6V3Mi,202405,KBwIeXdNrEP,rHGpmF6nIpk,,2
xS1Lke6V3Mi,202405,KBwIeXdNrEP,XVVWpHSO2oX,,1
xS1Lke6V3Mi,202405,KBwIeXdNrEP,KZA7xMtgxmj,,1
xS1Lke6V3Mi,202405,KBwIeXdNrEP,PdeTFVVv6CJ,,1
xS1Lke6V3Mi,202405,KBwIeXdNrEP,h1WIloP9kCN,,1
afMU582wyjr,202405,KYB11OcHLUo,bcE84lWmc6J,,1
afMU582wyjr,202405,KYB11OcHLUo,Bkx1ls085wh,,4
afMU582wyjr,202405,KYB11OcHLUo,nAmNxGivtZp,,4
afMU582wyjr,202405,KYB11OcHLUo,Dt1XF1qdQEj,,1
afMU582wyjr,202405,KYB11OcHLUo,urBNBOj7wJ6,,2
afMU582wyjr,202405,KYB11OcHLUo,KXYtnasHRY1,,2
afMU582wyjr,202405,KYB11OcHLUo,DnVRKKNTMBf,,1
afMU582wyjr,202405,KYB11OcHLUo,VnG1bujYXFO,,1
afMU582wyjr,202405,KYB11OcHLUo,yWgePqkmmHt,,1
afMU582wyjr,202405,KYB11OcHLUo,d6H2uRuFu1t,,1
afMU582wyjr,202405,KYB11OcHLUo,DZdOUyhJ7jY,,1
afMU582wyjr,202405,KYB11OcHLUo,c6giVLetbtS,,1
p7EP9qMVwqg,202405,KYB11OcHLUo,Bkx1ls085wh,,14
p7EP9qMVwqg,202405,KYB11OcHLUo,bcE84lWmc6J,,2
p7EP9qMVwqg,202405,KYB11OcHLUo,d6H2uRuFu1t,,18
p7EP9qMVwqg,202405,KYB11OcHLUo,nAmNxGivtZp,,22
p7EP9qMVwqg,202405,KYB11OcHLUo,Dt1XF1qdQEj,,2
p7EP9qMVwqg,202405,KYB11OcHLUo,urBNBOj7wJ6,,9
p7EP9qMVwqg,202405,KYB11OcHLUo,c6giVLetbtS,,6
p7EP9qMVwqg,202405,KYB11OcHLUo,KEYtOYaTX8f,,2
p7EP9qMVwqg,202405,KYB11OcHLUo,KXYtnasHRY1,,5
p7EP9qMVwqg,202405,KYB11OcHLUo,LNnXcqLQysq,,1
p7EP9qMVwqg,202405,KYB11OcHLUo,q05S3F3dR5x,,2
p7EP9qMVwqg,202405,KYB11OcHLUo,zZ9qcv1TDrd,,2
p7EP9qMVwqg,202405,KYB11OcHLUo,TQ1rNJaFOXG,,1
p7EP9qMVwqg,202405,KYB11OcHLUo,VnG1bujYXFO,,16
p7EP9qMVwqg,202405,KYB11OcHLUo,q6626ce9TuF,,3
p7EP9qMVwqg,202405,KYB11OcHLUo,yWgePqkmmHt,,2
p7EP9qMVwqg,202405,KYB11OcHLUo,l3prxMDlmR2,,1
p7EP9qMVwqg,202405,KYB11OcHLUo,BkPc3fi0d9y,,3
p7EP9qMVwqg,202405,KYB11OcHLUo,YE2FhUwTqmw,,1
p7EP9qMVwqg,202405,KYB11OcHLUo,ggKrFA13JV4,,7
p7EP9qMVwqg,202405,KYB11OcHLUo,DnVRKKNTMBf,,2
p7EP9qMVwqg,202405,KYB11OcHLUo,DZdOUyhJ7jY,,3
p7EP9qMVwqg,202405,KYB11OcHLUo,Oi2gHeBaXlg,,2
p7EP9qMVwqg,202405,KYB11OcHLUo,z1BDHlCs6ZQ,,1
xS1Lke6V3Mi,202405,KYB11OcHLUo,tYUgvzb1vme,,5
xS1Lke6V3Mi,202405,KYB11OcHLUo,h1WIloP9kCN,,1
xS1Lke6V3Mi,202405,KYB11OcHLUo,JQvmQoGt2fF,,4
xS1Lke6V3Mi,202405,KYB11OcHLUo,rHGpmF6nIpk,,5
xS1Lke6V3Mi,202405,KYB11OcHLUo,qLX4sVePBgY,,3
xS1Lke6V3Mi,202405,KYB11OcHLUo,gEJ6qioKAKT,,2
xS1Lke6V3Mi,202405,KYB11OcHLUo,Ef4KxbjGxbT,,1
xS1Lke6V3Mi,202405,KYB11OcHLUo,kwtmCrGyQXV,,2
xS1Lke6V3Mi,202405,KYB11OcHLUo,XEpB6AWLFsL,,1
xS1Lke6V3Mi,202405,KYB11OcHLUo,PwQQZZ869V5,,1
xS1Lke6V3Mi,202405,KYB11OcHLUo,XVVWpHSO2oX,,1
xS1Lke6V3Mi,202405,KYB11OcHLUo,rvysI7BkacY,,2
xS1Lke6V3Mi,202405,KYB11OcHLUo,CIOzXSqTsag,,1
afMU582wyjr,202405,LkGWB1A0zSy,l3prxMDlmR2,,1
afMU582wyjr,202405,LkGWB1A0zSy,c6giVLetbtS,,2
afMU582wyjr,202405,LkGWB1A0zSy,DnVRKKNTMBf,,1
afMU582wyjr,202405,LkGWB1A0zSy,FWUa85QQgwr,,1
afMU582wyjr,202405,LkGWB1A0zSy,Bkx1ls085wh,,1
afMU582wyjr,202405,LkGWB1A0zSy,q05S3F3dR5x,,1
afMU582wyjr,202405,LkGWB1A0zSy,bcE84lWmc6J,,1
afMU582wyjr,202405,LkGWB1A0zSy,VnG1bujYXFO,,1
afMU582wyjr,202405,LkGWB1A0zSy,d6H2uRuFu1t,,1
afMU582wyjr,202405,LkGWB1A0zSy,KXYtnasHRY1,,1
afMU582wyjr,202405,LkGWB1A0zSy,nAmNxGivtZp,,1
p7EP9qMVwqg,202405,LkGWB1A0zSy,d6H2uRuFu1t,,5
p7EP9qMVwqg,202405,LkGWB1A0zSy,Bkx1ls085wh,,8
p7EP9qMVwqg,202405,LkGWB1A0zSy,l3prxMDlmR2,,3
p7EP9qMVwqg,202405,LkGWB1A0zSy,c6giVLetbtS,,7
p7EP9qMVwqg,202405,LkGWB1A0zSy,DnVRKKNTMBf,,1
p7EP9qMVwqg,202405,LkGWB1A0zSy,FWUa85QQgwr,,1
p7EP9qMVwqg,202405,LkGWB1A0zSy,q05S3F3dR5x,,1
p7EP9qMVwqg,202405,LkGWB1A0zSy,bcE84lWmc6J,,1
p7EP9qMVwqg,202405,LkGWB1A0zSy,VnG1bujYXFO,,3
p7EP9qMVwqg,202405,LkGWB1A0zSy,nAmNxGivtZp,,3
p7EP9qMVwqg,202405,LkGWB1A0zSy,KXYtnasHRY1,,1
p7EP9qMVwqg,202405,LkGWB1A0zSy,ggKrFA13JV4,,5
p7EP9qMVwqg,202405,LkGWB1A0zSy,z1BDHlCs6ZQ,,1
p7EP9qMVwqg,202405,LkGWB1A0zSy,urBNBOj7wJ6,,2
xS1Lke6V3Mi,202405,LkGWB1A0zSy,gEJ6qioKAKT,,1
xS1Lke6V3Mi,202405,LkGWB1A0zSy,kwtmCrGyQXV,,5
xS1Lke6V3Mi,202405,LkGWB1A0zSy,rvysI7BkacY,,4
xS1Lke6V3Mi,202405,LkGWB1A0zSy,tYUgvzb1vme,,6
xS1Lke6V3Mi,202405,LkGWB1A0zSy,rHGpmF6nIpk,,2
xS1Lke6V3Mi,202405,LkGWB1A0zSy,qLX4sVePBgY,,2
afMU582wyjr,202405,Me0dT6DRkKk,nAmNxGivtZp,,2
afMU582wyjr,202405,Me0dT6DRkKk,d6H2uRuFu1t,,4
afMU582wyjr,202405,Me0dT6DRkKk,FWUa85QQgwr,,1
afMU582wyjr,202405,Me0dT6DRkKk,Bkx1ls085wh,,3
afMU582wyjr,202405,Me0dT6DRkKk,VnG1bujYXFO,,3
afMU582wyjr,202405,Me0dT6DRkKk,c6giVLetbtS,,1
afMU582wyjr,202405,Me0dT6DRkKk,q6626ce9TuF,,1
afMU582wyjr,202405,Me0dT6DRkKk,KEYtOYaTX8f,,1
afMU582wyjr,202405,Me0dT6DRkKk,zZ9qcv1TDrd,,1
p7EP9qMVwqg,202405,Me0dT6DRkKk,nAmNxGivtZp,,15
p7EP9qMVwqg,202405,Me0dT6DRkKk,Bkx1ls085wh,,13
p7EP9qMVwqg,202405,Me0dT6DRkKk,c6giVLetbtS,,8
p7EP9qMVwqg,202405,Me0dT6DRkKk,d6H2uRuFu1t,,15
p7EP9qMVwqg,202405,Me0dT6DRkKk,FWUa85QQgwr,,1
p7EP9qMVwqg,202405,Me0dT6DRkKk,q05S3F3dR5x,,1
p7EP9qMVwqg,202405,Me0dT6DRkKk,bcE84lWmc6J,,1
p7EP9qMVwqg,202405,Me0dT6DRkKk,VnG1bujYXFO,,12
p7EP9qMVwqg,202405,Me0dT6DRkKk,ggKrFA13JV4,,3
p7EP9qMVwqg,202405,Me0dT6DRkKk,TQ1rNJaFOXG,,1
p7EP9qMVwqg,202405,Me0dT6DRkKk,q6626ce9TuF,,3
p7EP9qMVwqg,202405,Me0dT6DRkKk,yJV2FqniWS4,,1
p7EP9qMVwqg,202405,Me0dT6DRkKk,urBNBOj7wJ6,,2
p7EP9qMVwqg,202405,Me0dT6DRkKk,DZdOUyhJ7jY,,1
p7EP9qMVwqg,202405,Me0dT6DRkKk,KEYtOYaTX8f,,1
p7EP9qMVwqg,202405,Me0dT6DRkKk,zZ9qcv1TDrd,,2
p7EP9qMVwqg,202405,Me0dT6DRkKk,LNnXcqLQysq,,1
p7EP9qMVwqg,202405,Me0dT6DRkKk,YE2FhUwTqmw,,1
p7EP9qMVwqg,202405,Me0dT6DRkKk,Ex9UGjgH5kz,,2
p7EP9qMVwqg,202405,Me0dT6DRkKk,Oi2gHeBaXlg,,1
p7EP9qMVwqg,202405,Me0dT6DRkKk,yWgePqkmmHt,,1
xS1Lke6V3Mi,202405,Me0dT6DRkKk,qLX4sVePBgY,,1
xS1Lke6V3Mi,202405,Me0dT6DRkKk,kwtmCrGyQXV,,1
xS1Lke6V3Mi,202405,Me0dT6DRkKk,y96OLQ2E9lu,,1
afMU582wyjr,202405,O6AwtjumLhU,d6H2uRuFu1t,,6
afMU582wyjr,202405,O6AwtjumLhU,q6626ce9TuF,,14
afMU582wyjr,202405,O6AwtjumLhU,urBNBOj7wJ6,,5
afMU582wyjr,202405,O6AwtjumLhU,nAmNxGivtZp,,15
afMU582wyjr,202405,O6AwtjumLhU,Oi2gHeBaXlg,,3
afMU582wyjr,202405,O6AwtjumLhU,ggKrFA13JV4,,6
afMU582wyjr,202405,O6AwtjumLhU,DnVRKKNTMBf,,2
afMU582wyjr,202405,O6AwtjumLhU,Bkx1ls085wh,,7
afMU582wyjr,202405,O6AwtjumLhU,VnG1bujYXFO,,12
afMU582wyjr,202405,O6AwtjumLhU,c6giVLetbtS,,3
afMU582wyjr,202405,O6AwtjumLhU,DZdOUyhJ7jY,,1
afMU582wyjr,202405,O6AwtjumLhU,zZ9qcv1TDrd,,3
afMU582wyjr,202405,O6AwtjumLhU,Dt1XF1qdQEj,,4
afMU582wyjr,202405,O6AwtjumLhU,bcE84lWmc6J,,2
afMU582wyjr,202405,O6AwtjumLhU,yWgePqkmmHt,,1
p7EP9qMVwqg,202405,O6AwtjumLhU,Dt1XF1qdQEj,,37
p7EP9qMVwqg,202405,O6AwtjumLhU,q6626ce9TuF,,109
p7EP9qMVwqg,202405,O6AwtjumLhU,yJV2FqniWS4,,19
p7EP9qMVwqg,202405,O6AwtjumLhU,urBNBOj7wJ6,,23
p7EP9qMVwqg,202405,O6AwtjumLhU,zZ9qcv1TDrd,,23
p7EP9qMVwqg,202405,O6AwtjumLhU,nAmNxGivtZp,,118
p7EP9qMVwqg,202405,O6AwtjumLhU,ggKrFA13JV4,,131
p7EP9qMVwqg,202405,O6AwtjumLhU,d6H2uRuFu1t,,73
p7EP9qMVwqg,202405,O6AwtjumLhU,z1BDHlCs6ZQ,,13
p7EP9qMVwqg,202405,O6AwtjumLhU,Bkx1ls085wh,,34
p7EP9qMVwqg,202405,O6AwtjumLhU,VnG1bujYXFO,,111
p7EP9qMVwqg,202405,O6AwtjumLhU,DnVRKKNTMBf,,4
p7EP9qMVwqg,202405,O6AwtjumLhU,BkPc3fi0d9y,,23
p7EP9qMVwqg,202405,O6AwtjumLhU,bcE84lWmc6J,,66
p7EP9qMVwqg,202405,O6AwtjumLhU,c6giVLetbtS,,18
p7EP9qMVwqg,202405,O6AwtjumLhU,TQ1rNJaFOXG,,8
p7EP9qMVwqg,202405,O6AwtjumLhU,l3prxMDlmR2,,6
p7EP9qMVwqg,202405,O6AwtjumLhU,yWgePqkmmHt,,3
p7EP9qMVwqg,202405,O6AwtjumLhU,Oi2gHeBaXlg,,25
p7EP9qMVwqg,202405,O6AwtjumLhU,ZKxOEssIh8z,,10
p7EP9qMVwqg,202405,O6AwtjumLhU,KEYtOYaTX8f,,7
p7EP9qMVwqg,202405,O6AwtjumLhU,DZdOUyhJ7jY,,30
xS1Lke6V3Mi,202405,O6AwtjumLhU,XEpB6AWLFsL,,2
xS1Lke6V3Mi,202405,O6AwtjumLhU,JQvmQoGt2fF,,3
xS1Lke6V3Mi,202405,O6AwtjumLhU,TRrp9joSTDX,,1
xS1Lke6V3Mi,202405,O6AwtjumLhU,KZA7xMtgxmj,,1
xS1Lke6V3Mi,202405,O6AwtjumLhU,N2bU5BLFG7C,,1
afMU582wyjr,202405,PN6vjlhFZOc,nAmNxGivtZp,,3
afMU582wyjr,202405,PN6vjlhFZOc,bcE84lWmc6J,,2
afMU582wyjr,202405,PN6vjlhFZOc,l3prxMDlmR2,,1
afMU582wyjr,202405,PN6vjlhFZOc,d6H2uRuFu1t,,3
afMU582wyjr,202405,PN6vjlhFZOc,urBNBOj7wJ6,,2
afMU582wyjr,202405,PN6vjlhFZOc,DZdOUyhJ7jY,,1
afMU582wyjr,202405,PN6vjlhFZOc,q05S3F3dR5x,,1
afMU582wyjr,202405,PN6vjlhFZOc,VnG1bujYXFO,,1
afMU582wyjr,202405,PN6vjlhFZOc,z1BDHlCs6ZQ,,1
afMU582wyjr,202405,PN6vjlhFZOc,q6626ce9TuF,,1
p7EP9qMVwqg,202405,PN6vjlhFZOc,nAmNxGivtZp,,10
p7EP9qMVwqg,202405,PN6vjlhFZOc,bcE84lWmc6J,,9
p7EP9qMVwqg,202405,PN6vjlhFZOc,Bkx1ls085wh,,2
p7EP9qMVwqg,202405,PN6vjlhFZOc,YE2FhUwTqmw,,1
p7EP9qMVwqg,202405,PN6vjlhFZOc,l3prxMDlmR2,,2
p7EP9qMVwqg,202405,PN6vjlhFZOc,d6H2uRuFu1t,,9
p7EP9qMVwqg,202405,PN6vjlhFZOc,DZdOUyhJ7jY,,2
p7EP9qMVwqg,202405,PN6vjlhFZOc,urBNBOj7wJ6,,3
p7EP9qMVwqg,202405,PN6vjlhFZOc,q05S3F3dR5x,,1
p7EP9qMVwqg,202405,PN6vjlhFZOc,VnG1bujYXFO,,9
p7EP9qMVwqg,202405,PN6vjlhFZOc,z1BDHlCs6ZQ,,2
p7EP9qMVwqg,202405,PN6vjlhFZOc,q6626ce9TuF,,5
p7EP9qMVwqg,202405,PN6vjlhFZOc,ggKrFA13JV4,,7
p7EP9qMVwqg,202405,PN6vjlhFZOc,Oi2gHeBaXlg,,3
p7EP9qMVwqg,202405,PN6vjlhFZOc,yJV2FqniWS4,,1
p7EP9qMVwqg,202405,PN6vjlhFZOc,TQ1rNJaFOXG,,1
p7EP9qMVwqg,202405,PN6vjlhFZOc,c6giVLetbtS,,5
p7EP9qMVwqg,202405,PN6vjlhFZOc,zZ9qcv1TDrd,,1
p7EP9qMVwqg,202405,PN6vjlhFZOc,LNnXcqLQysq,,1
p7EP9qMVwqg,202405,PN6vjlhFZOc,KXYtnasHRY1,,1
p7EP9qMVwqg,202405,PN6vjlhFZOc,ejDqR1G98uX,,1
xS1Lke6V3Mi,202405,PN6vjlhFZOc,tYUgvzb1vme,,1
xS1Lke6V3Mi,202405,PN6vjlhFZOc,CRGd8gELPHe,,1
xS1Lke6V3Mi,202405,PN6vjlhFZOc,qLX4sVePBgY,,2
xS1Lke6V3Mi,202405,PN6vjlhFZOc,PwQQZZ869V5,,1
xS1Lke6V3Mi,202405,PN6vjlhFZOc,gEJ6qioKAKT,,2
xS1Lke6V3Mi,202405,PN6vjlhFZOc,kwtmCrGyQXV,,1
xS1Lke6V3Mi,202405,PN6vjlhFZOc,XVVWpHSO2oX,,1
xS1Lke6V3Mi,202405,PN6vjlhFZOc,rHGpmF6nIpk,,1
xS1Lke6V3Mi,202405,PN6vjlhFZOc,GiLSQPBmkYO,,1
xS1Lke6V3Mi,202405,PN6vjlhFZOc,JQvmQoGt2fF,,1
afMU582wyjr,202405,QFPMqEHV52d,ggKrFA13JV4,,1
afMU582wyjr,202405,QFPMqEHV52d,Bkx1ls085wh,,1
p7EP9qMVwqg,202405,QFPMqEHV52d,ggKrFA13JV4,,1
p7EP9qMVwqg,202405,QFPMqEHV52d,d6H2uRuFu1t,,1
p7EP9qMVwqg,202405,QFPMqEHV52d,Bkx1ls085wh,,1
afMU582wyjr,202405,RUQjZiHdXwL,nAmNxGivtZp,,4
afMU582wyjr,202405,RUQjZiHdXwL,VnG1bujYXFO,,1
afMU582wyjr,202405,RUQjZiHdXwL,KXYtnasHRY1,,2
afMU582wyjr,202405,RUQjZiHdXwL,DZdOUyhJ7jY,,2
afMU582wyjr,202405,RUQjZiHdXwL,FWUa85QQgwr,,1
afMU582wyjr,202405,RUQjZiHdXwL,d6H2uRuFu1t,,3
afMU582wyjr,202405,RUQjZiHdXwL,c6giVLetbtS,,1
afMU582wyjr,202405,RUQjZiHdXwL,l3prxMDlmR2,,2
afMU582wyjr,202405,RUQjZiHdXwL,YE2FhUwTqmw,,1
afMU582wyjr,202405,RUQjZiHdXwL,Ex9UGjgH5kz,,1
p7EP9qMVwqg,202405,RUQjZiHdXwL,LNnXcqLQysq,,21
p7EP9qMVwqg,202405,RUQjZiHdXwL,VnG1bujYXFO,,59
p7EP9qMVwqg,202405,RUQjZiHdXwL,c6giVLetbtS,,46
p7EP9qMVwqg,202405,RUQjZiHdXwL,nAmNxGivtZp,,56
p7EP9qMVwqg,202405,RUQjZiHdXwL,KXYtnasHRY1,,14
p7EP9qMVwqg,202405,RUQjZiHdXwL,DZdOUyhJ7jY,,38
p7EP9qMVwqg,202405,RUQjZiHdXwL,KEYtOYaTX8f,,30
p7EP9qMVwqg,202405,RUQjZiHdXwL,d6H2uRuFu1t,,63
p7EP9qMVwqg,202405,RUQjZiHdXwL,urBNBOj7wJ6,,34
p7EP9qMVwqg,202405,RUQjZiHdXwL,ggKrFA13JV4,,50
p7EP9qMVwqg,202405,RUQjZiHdXwL,Bkx1ls085wh,,51
p7EP9qMVwqg,202405,RUQjZiHdXwL,Oi2gHeBaXlg,,26
p7EP9qMVwqg,202405,RUQjZiHdXwL,z1BDHlCs6ZQ,,11
p7EP9qMVwqg,202405,RUQjZiHdXwL,Dt1XF1qdQEj,,4
p7EP9qMVwqg,202405,RUQjZiHdXwL,q6626ce9TuF,,30
p7EP9qMVwqg,202405,RUQjZiHdXwL,q05S3F3dR5x,,19
p7EP9qMVwqg,202405,RUQjZiHdXwL,FWUa85QQgwr,,12
p7EP9qMVwqg,202405,RUQjZiHdXwL,BkPc3fi0d9y,,15
p7EP9qMVwqg,202405,RUQjZiHdXwL,l3prxMDlmR2,,8
p7EP9qMVwqg,202405,RUQjZiHdXwL,ZKxOEssIh8z,,7
p7EP9qMVwqg,202405,RUQjZiHdXwL,Ex9UGjgH5kz,,17
p7EP9qMVwqg,202405,RUQjZiHdXwL,bcE84lWmc6J,,13
p7EP9qMVwqg,202405,RUQjZiHdXwL,TQ1rNJaFOXG,,3
p7EP9qMVwqg,202405,RUQjZiHdXwL,yWgePqkmmHt,,2
p7EP9qMVwqg,202405,RUQjZiHdXwL,YE2FhUwTqmw,,13
p7EP9qMVwqg,202405,RUQjZiHdXwL,yJV2FqniWS4,,6
p7EP9qMVwqg,202405,RUQjZiHdXwL,DnVRKKNTMBf,,3
p7EP9qMVwqg,202405,RUQjZiHdXwL,zZ9qcv1TDrd,,5
xS1Lke6V3Mi,202405,RUQjZiHdXwL,PwQQZZ869V5,,2
xS1Lke6V3Mi,202405,RUQjZiHdXwL,WCiei0IYHel,,1
xS1Lke6V3Mi,202405,RUQjZiHdXwL,mj84eKQr31q,,2
xS1Lke6V3Mi,202405,RUQjZiHdXwL,kwtmCrGyQXV,,5
xS1Lke6V3Mi,202405,RUQjZiHdXwL,Ef4KxbjGxbT,,6
xS1Lke6V3Mi,202405,RUQjZiHdXwL,rvysI7BkacY,,2
xS1Lke6V3Mi,202405,RUQjZiHdXwL,JQvmQoGt2fF,,2
xS1Lke6V3Mi,202405,RUQjZiHdXwL,tYUgvzb1vme,,5
xS1Lke6V3Mi,202405,RUQjZiHdXwL,qLX4sVePBgY,,4
xS1Lke6V3Mi,202405,RUQjZiHdXwL,gEJ6qioKAKT,,6
xS1Lke6V3Mi,202405,RUQjZiHdXwL,rHGpmF6nIpk,,3
xS1Lke6V3Mi,202405,RUQjZiHdXwL,cnkfBn8ylWz,,4
xS1Lke6V3Mi,202405,RUQjZiHdXwL,CRGd8gELPHe,,2
xS1Lke6V3Mi,202405,RUQjZiHdXwL,CIOzXSqTsag,,3
xS1Lke6V3Mi,202405,RUQjZiHdXwL,XHv6fAXRNlR,,1
xS1Lke6V3Mi,202405,RUQjZiHdXwL,XEpB6AWLFsL,,2
xS1Lke6V3Mi,202405,RUQjZiHdXwL,KZA7xMtgxmj,,1
xS1Lke6V3Mi,202405,RUQjZiHdXwL,cidXgXWATWK,,1
xS1Lke6V3Mi,202405,RUQjZiHdXwL,gPT7cJP8lZE,,1
afMU582wyjr,202405,U3j0Fn86BVV,nAmNxGivtZp,,9
afMU582wyjr,202405,U3j0Fn86BVV,KXYtnasHRY1,,1
afMU582wyjr,202405,U3j0Fn86BVV,c6giVLetbtS,,6
afMU582wyjr,202405,U3j0Fn86BVV,Ex9UGjgH5kz,,2
afMU582wyjr,202405,U3j0Fn86BVV,q05S3F3dR5x,,1
afMU582wyjr,202405,U3j0Fn86BVV,VnG1bujYXFO,,3
afMU582wyjr,202405,U3j0Fn86BVV,d6H2uRuFu1t,,9
afMU582wyjr,202405,U3j0Fn86BVV,ggKrFA13JV4,,2
afMU582wyjr,202405,U3j0Fn86BVV,Bkx1ls085wh,,17
afMU582wyjr,202405,U3j0Fn86BVV,bcE84lWmc6J,,3
afMU582wyjr,202405,U3j0Fn86BVV,urBNBOj7wJ6,,3
afMU582wyjr,202405,U3j0Fn86BVV,Oi2gHeBaXlg,,1
afMU582wyjr,202405,U3j0Fn86BVV,z1BDHlCs6ZQ,,1
afMU582wyjr,202405,U3j0Fn86BVV,q6626ce9TuF,,1
p7EP9qMVwqg,202405,U3j0Fn86BVV,Bkx1ls085wh,,43
p7EP9qMVwqg,202405,U3j0Fn86BVV,nAmNxGivtZp,,42
p7EP9qMVwqg,202405,U3j0Fn86BVV,d6H2uRuFu1t,,38
p7EP9qMVwqg,202405,U3j0Fn86BVV,DZdOUyhJ7jY,,4
p7EP9qMVwqg,202405,U3j0Fn86BVV,c6giVLetbtS,,25
p7EP9qMVwqg,202405,U3j0Fn86BVV,LNnXcqLQysq,,3
p7EP9qMVwqg,202405,U3j0Fn86BVV,KXYtnasHRY1,,8
p7EP9qMVwqg,202405,U3j0Fn86BVV,Ex9UGjgH5kz,,4
p7EP9qMVwqg,202405,U3j0Fn86BVV,FWUa85QQgwr,,1
p7EP9qMVwqg,202405,U3j0Fn86BVV,YE2FhUwTqmw,,2
p7EP9qMVwqg,202405,U3j0Fn86BVV,q05S3F3dR5x,,2
p7EP9qMVwqg,202405,U3j0Fn86BVV,VnG1bujYXFO,,17
p7EP9qMVwqg,202405,U3j0Fn86BVV,ggKrFA13JV4,,7
p7EP9qMVwqg,202405,U3j0Fn86BVV,bcE84lWmc6J,,10
p7EP9qMVwqg,202405,U3j0Fn86BVV,KEYtOYaTX8f,,2
p7EP9qMVwqg,202405,U3j0Fn86BVV,yJV2FqniWS4,,1
p7EP9qMVwqg,202405,U3j0Fn86BVV,urBNBOj7wJ6,,4
p7EP9qMVwqg,202405,U3j0Fn86BVV,Oi2gHeBaXlg,,5
p7EP9qMVwqg,202405,U3j0Fn86BVV,q6626ce9TuF,,6
p7EP9qMVwqg,202405,U3j0Fn86BVV,l3prxMDlmR2,,2
p7EP9qMVwqg,202405,U3j0Fn86BVV,z1BDHlCs6ZQ,,1
p7EP9qMVwqg,202405,U3j0Fn86BVV,zZ9qcv1TDrd,,5
p7EP9qMVwqg,202405,U3j0Fn86BVV,ZKxOEssIh8z,,2
p7EP9qMVwqg,202405,U3j0Fn86BVV,Dt1XF1qdQEj,,1
xS1Lke6V3Mi,202405,U3j0Fn86BVV,gEJ6qioKAKT,,1
xS1Lke6V3Mi,202405,U3j0Fn86BVV,XVVWpHSO2oX,,1
xS1Lke6V3Mi,202405,U3j0Fn86BVV,rHGpmF6nIpk,,1
xS1Lke6V3Mi,202405,U3j0Fn86BVV,tYUgvzb1vme,,1
xS1Lke6V3Mi,202405,U3j0Fn86BVV,ciqgZtUeg20,,1
xS1Lke6V3Mi,202405,U3j0Fn86BVV,rvysI7BkacY,,1
xS1Lke6V3Mi,202405,U3j0Fn86BVV,JQvmQoGt2fF,,2
xS1Lke6V3Mi,202405,U3j0Fn86BVV,h1WIloP9kCN,,1
xS1Lke6V3Mi,202405,U3j0Fn86BVV,cnkfBn8ylWz,,1
xS1Lke6V3Mi,202405,U3j0Fn86BVV,TRrp9joSTDX,,1
afMU582wyjr,202405,WXiWaw7RM8S,c6giVLetbtS,,8
afMU582wyjr,202405,WXiWaw7RM8S,d6H2uRuFu1t,,8
afMU582wyjr,202405,WXiWaw7RM8S,FWUa85QQgwr,,1
afMU582wyjr,202405,WXiWaw7RM8S,Oi2gHeBaXlg,,1
afMU582wyjr,202405,WXiWaw7RM8S,KXYtnasHRY1,,3
afMU582wyjr,202405,WXiWaw7RM8S,VnG1bujYXFO,,3
afMU582wyjr,202405,WXiWaw7RM8S,Bkx1ls085wh,,4
afMU582wyjr,202405,WXiWaw7RM8S,nAmNxGivtZp,,3
afMU582wyjr,202405,WXiWaw7RM8S,LNnXcqLQysq,,2
afMU582wyjr,202405,WXiWaw7RM8S,ggKrFA13JV4,,1
p7EP9qMVwqg,202405,WXiWaw7RM8S,Bkx1ls085wh,,95
p7EP9qMVwqg,202405,WXiWaw7RM8S,d6H2uRuFu1t,,87
p7EP9qMVwqg,202405,WXiWaw7RM8S,ggKrFA13JV4,,12
p7EP9qMVwqg,202405,WXiWaw7RM8S,c6giVLetbtS,,62
p7EP9qMVwqg,202405,WXiWaw7RM8S,q05S3F3dR5x,,5
p7EP9qMVwqg,202405,WXiWaw7RM8S,VnG1bujYXFO,,27
p7EP9qMVwqg,202405,WXiWaw7RM8S,nAmNxGivtZp,,52
p7EP9qMVwqg,202405,WXiWaw7RM8S,FWUa85QQgwr,,5
p7EP9qMVwqg,202405,WXiWaw7RM8S,ZKxOEssIh8z,,1
p7EP9qMVwqg,202405,WXiWaw7RM8S,l3prxMDlmR2,,9
p7EP9qMVwqg,202405,WXiWaw7RM8S,YE2FhUwTqmw,,5
p7EP9qMVwqg,202405,WXiWaw7RM8S,Oi2gHeBaXlg,,3
p7EP9qMVwqg,202405,WXiWaw7RM8S,DZdOUyhJ7jY,,2
p7EP9qMVwqg,202405,WXiWaw7RM8S,KXYtnasHRY1,,15
p7EP9qMVwqg,202405,WXiWaw7RM8S,Ex9UGjgH5kz,,3
p7EP9qMVwqg,202405,WXiWaw7RM8S,LNnXcqLQysq,,5
p7EP9qMVwqg,202405,WXiWaw7RM8S,urBNBOj7wJ6,,8
p7EP9qMVwqg,202405,WXiWaw7RM8S,z1BDHlCs6ZQ,,2
p7EP9qMVwqg,202405,WXiWaw7RM8S,KEYtOYaTX8f,,3
p7EP9qMVwqg,202405,WXiWaw7RM8S,q6626ce9TuF,,1
p7EP9qMVwqg,202405,WXiWaw7RM8S,yWgePqkmmHt,,1
p7EP9qMVwqg,202405,WXiWaw7RM8S,bcE84lWmc6J,,1
p7EP9qMVwqg,202405,WXiWaw7RM8S,BkPc3fi0d9y,,1
xS1Lke6V3Mi,202405,WXiWaw7RM8S,rHGpmF6nIpk,,1
xS1Lke6V3Mi,202405,WXiWaw7RM8S,kwtmCrGyQXV,,7
xS1Lke6V3Mi,202405,WXiWaw7RM8S,h1WIloP9kCN,,4
xS1Lke6V3Mi,202405,WXiWaw7RM8S,Il8BA9vyEMR,,1
xS1Lke6V3Mi,202405,WXiWaw7RM8S,XEpB6AWLFsL,,1
xS1Lke6V3Mi,202405,WXiWaw7RM8S,gEJ6qioKAKT,,4
xS1Lke6V3Mi,202405,WXiWaw7RM8S,qLX4sVePBgY,,2
xS1Lke6V3Mi,202405,WXiWaw7RM8S,tYUgvzb1vme,,5
xS1Lke6V3Mi,202405,WXiWaw7RM8S,JQvmQoGt2fF,,1
xS1Lke6V3Mi,202405,WXiWaw7RM8S,CRGd8gELPHe,,1
xS1Lke6V3Mi,202405,WXiWaw7RM8S,PwQQZZ869V5,,1
afMU582wyjr,202405,ZYfAiZnlNsQ,Bkx1ls085wh,,3
afMU582wyjr,202405,ZYfAiZnlNsQ,d6H2uRuFu1t,,5
afMU582wyjr,202405,ZYfAiZnlNsQ,VnG1bujYXFO,,2
afMU582wyjr,202405,ZYfAiZnlNsQ,nAmNxGivtZp,,3
afMU582wyjr,202405,ZYfAiZnlNsQ,z1BDHlCs6ZQ,,1
p7EP9qMVwqg,202405,ZYfAiZnlNsQ,Bkx1ls085wh,,10
p7EP9qMVwqg,202405,ZYfAiZnlNsQ,d6H2uRuFu1t,,19
p7EP9qMVwqg,202405,ZYfAiZnlNsQ,VnG1bujYXFO,,3
p7EP9qMVwqg,202405,ZYfAiZnlNsQ,nAmNxGivtZp,,7
p7EP9qMVwqg,202405,ZYfAiZnlNsQ,urBNBOj7wJ6,,3
p7EP9qMVwqg,202405,ZYfAiZnlNsQ,Ex9UGjgH5kz,,1
p7EP9qMVwqg,202405,ZYfAiZnlNsQ,KEYtOYaTX8f,,2
p7EP9qMVwqg,202405,ZYfAiZnlNsQ,q05S3F3dR5x,,1
p7EP9qMVwqg,202405,ZYfAiZnlNsQ,z1BDHlCs6ZQ,,1
p7EP9qMVwqg,202405,ZYfAiZnlNsQ,q6626ce9TuF,,1
p7EP9qMVwqg,202405,ZYfAiZnlNsQ,DZdOUyhJ7jY,,1
p7EP9qMVwqg,202405,ZYfAiZnlNsQ,c6giVLetbtS,,5
p7EP9qMVwqg,202405,ZYfAiZnlNsQ,Dt1XF1qdQEj,,1
p7EP9qMVwqg,202405,ZYfAiZnlNsQ,LNnXcqLQysq,,1
p7EP9qMVwqg,202405,ZYfAiZnlNsQ,ggKrFA13JV4,,2
p7EP9qMVwqg,202405,ZYfAiZnlNsQ,TQ1rNJaFOXG,,2
p7EP9qMVwqg,202405,ZYfAiZnlNsQ,KXYtnasHRY1,,1
p7EP9qMVwqg,202405,ZYfAiZnlNsQ,yJV2FqniWS4,,1
p7EP9qMVwqg,202405,ZYfAiZnlNsQ,bcE84lWmc6J,,1
xS1Lke6V3Mi,202405,ZYfAiZnlNsQ,tYUgvzb1vme,,1
xS1Lke6V3Mi,202405,ZYfAiZnlNsQ,PdeTFVVv6CJ,,1
afMU582wyjr,202405,bBrbpLQLWBG,VnG1bujYXFO,,2
afMU582wyjr,202405,bBrbpLQLWBG,Bkx1ls085wh,,2
afMU582wyjr,202405,bBrbpLQLWBG,nAmNxGivtZp,,1
afMU582wyjr,202405,bBrbpLQLWBG,c6giVLetbtS,,1
afMU582wyjr,202405,bBrbpLQLWBG,d6H2uRuFu1t,,2
p7EP9qMVwqg,202405,bBrbpLQLWBG,Bkx1ls085wh,,15
p7EP9qMVwqg,202405,bBrbpLQLWBG,d6H2uRuFu1t,,30
p7EP9qMVwqg,202405,bBrbpLQLWBG,VnG1bujYXFO,,11
p7EP9qMVwqg,202405,bBrbpLQLWBG,c6giVLetbtS,,12
p7EP9qMVwqg,202405,bBrbpLQLWBG,nAmNxGivtZp,,27
p7EP9qMVwqg,202405,bBrbpLQLWBG,l3prxMDlmR2,,1
xS1Lke6V3Mi,202405,bBrbpLQLWBG,tYUgvzb1vme,,2
xS1Lke6V3Mi,202405,bBrbpLQLWBG,kwtmCrGyQXV,,1
afMU582wyjr,202405,dtAHOODVMmB,KEYtOYaTX8f,,4
afMU582wyjr,202405,dtAHOODVMmB,l3prxMDlmR2,,1
afMU582wyjr,202405,dtAHOODVMmB,Bkx1ls085wh,,3
afMU582wyjr,202405,dtAHOODVMmB,d6H2uRuFu1t,,9
afMU582wyjr,202405,dtAHOODVMmB,LNnXcqLQysq,,1
afMU582wyjr,202405,dtAHOODVMmB,Ex9UGjgH5kz,,2
afMU582wyjr,202405,dtAHOODVMmB,q05S3F3dR5x,,1
afMU582wyjr,202405,dtAHOODVMmB,FWUa85QQgwr,,2
afMU582wyjr,202405,dtAHOODVMmB,KXYtnasHRY1,,3
afMU582wyjr,202405,dtAHOODVMmB,YE2FhUwTqmw,,3
afMU582wyjr,202405,dtAHOODVMmB,c6giVLetbtS,,1
afMU582wyjr,202405,dtAHOODVMmB,urBNBOj7wJ6,,1
afMU582wyjr,202405,dtAHOODVMmB,DnVRKKNTMBf,,1
afMU582wyjr,202405,dtAHOODVMmB,ggKrFA13JV4,,1
p7EP9qMVwqg,202405,dtAHOODVMmB,d6H2uRuFu1t,,41
p7EP9qMVwqg,202405,dtAHOODVMmB,Bkx1ls085wh,,23
p7EP9qMVwqg,202405,dtAHOODVMmB,nAmNxGivtZp,,32
p7EP9qMVwqg,202405,dtAHOODVMmB,KEYtOYaTX8f,,6
p7EP9qMVwqg,202405,dtAHOODVMmB,q6626ce9TuF,,2
p7EP9qMVwqg,202405,dtAHOODVMmB,urBNBOj7wJ6,,6
p7EP9qMVwqg,202405,dtAHOODVMmB,c6giVLetbtS,,15
p7EP9qMVwqg,202405,dtAHOODVMmB,KXYtnasHRY1,,9
p7EP9qMVwqg,202405,dtAHOODVMmB,DZdOUyhJ7jY,,3
p7EP9qMVwqg,202405,dtAHOODVMmB,l3prxMDlmR2,,7
p7EP9qMVwqg,202405,dtAHOODVMmB,yWgePqkmmHt,,5
p7EP9qMVwqg,202405,dtAHOODVMmB,LNnXcqLQysq,,9
p7EP9qMVwqg,202405,dtAHOODVMmB,q05S3F3dR5x,,7
p7EP9qMVwqg,202405,dtAHOODVMmB,Oi2gHeBaXlg,,3
p7EP9qMVwqg,202405,dtAHOODVMmB,Ex9UGjgH5kz,,10
p7EP9qMVwqg,202405,dtAHOODVMmB,z1BDHlCs6ZQ,,3
p7EP9qMVwqg,202405,dtAHOODVMmB,FWUa85QQgwr,,9
p7EP9qMVwqg,202405,dtAHOODVMmB,ggKrFA13JV4,,7
p7EP9qMVwqg,202405,dtAHOODVMmB,YE2FhUwTqmw,,7
p7EP9qMVwqg,202405,dtAHOODVMmB,VnG1bujYXFO,,10
p7EP9qMVwqg,202405,dtAHOODVMmB,DnVRKKNTMBf,,1
p7EP9qMVwqg,202405,dtAHOODVMmB,ZKxOEssIh8z,,1
p7EP9qMVwqg,202405,dtAHOODVMmB,BkPc3fi0d9y,,1
xS1Lke6V3Mi,202405,dtAHOODVMmB,gEJ6qioKAKT,,2
xS1Lke6V3Mi,202405,dtAHOODVMmB,JQvmQoGt2fF,,4
xS1Lke6V3Mi,202405,dtAHOODVMmB,kwtmCrGyQXV,,2
xS1Lke6V3Mi,202405,dtAHOODVMmB,tYUgvzb1vme,,2
xS1Lke6V3Mi,202405,dtAHOODVMmB,mj84eKQr31q,,2
afMU582wyjr,202405,heJawklBYhN,z1BDHlCs6ZQ,,1
afMU582wyjr,202405,heJawklBYhN,nAmNxGivtZp,,1
afMU582wyjr,202405,heJawklBYhN,d6H2uRuFu1t,,3
afMU582wyjr,202405,heJawklBYhN,Bkx1ls085wh,,1
p7EP9qMVwqg,202405,heJawklBYhN,z1BDHlCs6ZQ,,1
p7EP9qMVwqg,202405,heJawklBYhN,d6H2uRuFu1t,,18
p7EP9qMVwqg,202405,heJawklBYhN,c6giVLetbtS,,6
p7EP9qMVwqg,202405,heJawklBYhN,Bkx1ls085wh,,7
p7EP9qMVwqg,202405,heJawklBYhN,zUinpc7wvRx,,1
p7EP9qMVwqg,202405,heJawklBYhN,nAmNxGivtZp,,12
p7EP9qMVwqg,202405,heJawklBYhN,KXYtnasHRY1,,1
p7EP9qMVwqg,202405,heJawklBYhN,LNnXcqLQysq,,3
p7EP9qMVwqg,202405,heJawklBYhN,urBNBOj7wJ6,,1
p7EP9qMVwqg,202405,heJawklBYhN,VnG1bujYXFO,,4
p7EP9qMVwqg,202405,heJawklBYhN,YE2FhUwTqmw,,1
p7EP9qMVwqg,202405,heJawklBYhN,FWUa85QQgwr,,1
p7EP9qMVwqg,202405,heJawklBYhN,ggKrFA13JV4,,1
p7EP9qMVwqg,202405,heJawklBYhN,yJV2FqniWS4,,1
xS1Lke6V3Mi,202405,heJawklBYhN,kwtmCrGyQXV,,2
xS1Lke6V3Mi,202405,heJawklBYhN,XVVWpHSO2oX,,1
xS1Lke6V3Mi,202405,heJawklBYhN,mj84eKQr31q,,1
xS1Lke6V3Mi,202405,heJawklBYhN,gEJ6qioKAKT,,2
afMU582wyjr,202405,oprOfxPSkim,Bkx1ls085wh,,5
afMU582wyjr,202405,oprOfxPSkim,yJV2FqniWS4,,1
afMU582wyjr,202405,oprOfxPSkim,nAmNxGivtZp,,7
afMU582wyjr,202405,oprOfxPSkim,Oi2gHeBaXlg,,2
afMU582wyjr,202405,oprOfxPSkim,q6626ce9TuF,,2
afMU582wyjr,202405,oprOfxPSkim,yWgePqkmmHt,,1
afMU582wyjr,202405,oprOfxPSkim,VnG1bujYXFO,,6
afMU582wyjr,202405,oprOfxPSkim,ggKrFA13JV4,,5
afMU582wyjr,202405,oprOfxPSkim,c6giVLetbtS,,5
afMU582wyjr,202405,oprOfxPSkim,d6H2uRuFu1t,,6
afMU582wyjr,202405,oprOfxPSkim,FWUa85QQgwr,,1
afMU582wyjr,202405,oprOfxPSkim,bcE84lWmc6J,,4
afMU582wyjr,202405,oprOfxPSkim,DZdOUyhJ7jY,,4
afMU582wyjr,202405,oprOfxPSkim,z1BDHlCs6ZQ,,1
afMU582wyjr,202405,oprOfxPSkim,BkPc3fi0d9y,,1
afMU582wyjr,202405,oprOfxPSkim,urBNBOj7wJ6,,2
p7EP9qMVwqg,202405,oprOfxPSkim,Bkx1ls085wh,,9
p7EP9qMVwqg,202405,oprOfxPSkim,yJV2FqniWS4,,1
p7EP9qMVwqg,202405,oprOfxPSkim,bcE84lWmc6J,,7
p7EP9qMVwqg,202405,oprOfxPSkim,Dt1XF1qdQEj,,1
p7EP9qMVwqg,202405,oprOfxPSkim,nAmNxGivtZp,,15
p7EP9qMVwqg,202405,oprOfxPSkim,Oi2gHeBaXlg,,4
p7EP9qMVwqg,202405,oprOfxPSkim,q6626ce9TuF,,2
p7EP9qMVwqg,202405,oprOfxPSkim,yWgePqkmmHt,,1
p7EP9qMVwqg,202405,oprOfxPSkim,VnG1bujYXFO,,8
p7EP9qMVwqg,202405,oprOfxPSkim,ggKrFA13JV4,,7
p7EP9qMVwqg,202405,oprOfxPSkim,d6H2uRuFu1t,,18
p7EP9qMVwqg,202405,oprOfxPSkim,ZKxOEssIh8z,,1
p7EP9qMVwqg,202405,oprOfxPSkim,c6giVLetbtS,,12
p7EP9qMVwqg,202405,oprOfxPSkim,urBNBOj7wJ6,,4
p7EP9qMVwqg,202405,oprOfxPSkim,FWUa85QQgwr,,1
p7EP9qMVwqg,202405,oprOfxPSkim,DZdOUyhJ7jY,,6
p7EP9qMVwqg,202405,oprOfxPSkim,z1BDHlCs6ZQ,,1
p7EP9qMVwqg,202405,oprOfxPSkim,KEYtOYaTX8f,,1
p7EP9qMVwqg,202405,oprOfxPSkim,BkPc3fi0d9y,,3
xS1Lke6V3Mi,202405,oprOfxPSkim,gEJ6qioKAKT,,1
xS1Lke6V3Mi,202405,oprOfxPSkim,kwtmCrGyQXV,,2
xS1Lke6V3Mi,202405,oprOfxPSkim,JQvmQoGt2fF,,1
afMU582wyjr,202405,qxOseGp1suW,l3prxMDlmR2,,3
afMU582wyjr,202405,qxOseGp1suW,c6giVLetbtS,,2
afMU582wyjr,202405,qxOseGp1suW,Dt1XF1qdQEj,,2
afMU582wyjr,202405,qxOseGp1suW,d6H2uRuFu1t,,4
afMU582wyjr,202405,qxOseGp1suW,Bkx1ls085wh,,2
afMU582wyjr,202405,qxOseGp1suW,bcE84lWmc6J,,1
afMU582wyjr,202405,qxOseGp1suW,q6626ce9TuF,,2
afMU582wyjr,202405,qxOseGp1suW,FWUa85QQgwr,,1
afMU582wyjr,202405,qxOseGp1suW,nAmNxGivtZp,,1
afMU582wyjr,202405,qxOseGp1suW,yWgePqkmmHt,,1
afMU582wyjr,202405,qxOseGp1suW,DZdOUyhJ7jY,,1
p7EP9qMVwqg,202405,qxOseGp1suW,d6H2uRuFu1t,,13
p7EP9qMVwqg,202405,qxOseGp1suW,l3prxMDlmR2,,4
p7EP9qMVwqg,202405,qxOseGp1suW,c6giVLetbtS,,5
p7EP9qMVwqg,202405,qxOseGp1suW,Dt1XF1qdQEj,,2
p7EP9qMVwqg,202405,qxOseGp1suW,Bkx1ls085wh,,9
p7EP9qMVwqg,202405,qxOseGp1suW,bcE84lWmc6J,,1
p7EP9qMVwqg,202405,qxOseGp1suW,q6626ce9TuF,,3
p7EP9qMVwqg,202405,qxOseGp1suW,FWUa85QQgwr,,1
p7EP9qMVwqg,202405,qxOseGp1suW,YE2FhUwTqmw,,2
p7EP9qMVwqg,202405,qxOseGp1suW,KXYtnasHRY1,,3
p7EP9qMVwqg,202405,qxOseGp1suW,VnG1bujYXFO,,4
p7EP9qMVwqg,202405,qxOseGp1suW,nAmNxGivtZp,,7
p7EP9qMVwqg,202405,qxOseGp1suW,ZKxOEssIh8z,,1
p7EP9qMVwqg,202405,qxOseGp1suW,BkPc3fi0d9y,,1
p7EP9qMVwqg,202405,qxOseGp1suW,yWgePqkmmHt,,1
p7EP9qMVwqg,202405,qxOseGp1suW,DZdOUyhJ7jY,,2
p7EP9qMVwqg,202405,qxOseGp1suW,KEYtOYaTX8f,,2
p7EP9qMVwqg,202405,qxOseGp1suW,q05S3F3dR5x,,1
p7EP9qMVwqg,202405,qxOseGp1suW,ggKrFA13JV4,,2
p7EP9qMVwqg,202405,qxOseGp1suW,urBNBOj7wJ6,,1
p7EP9qMVwqg,202405,qxOseGp1suW,Ex9UGjgH5kz,,2
p7EP9qMVwqg,202405,qxOseGp1suW,Oi2gHeBaXlg,,1
p7EP9qMVwqg,202405,qxOseGp1suW,LNnXcqLQysq,,1
xS1Lke6V3Mi,202405,qxOseGp1suW,gEJ6qioKAKT,,3
xS1Lke6V3Mi,202405,qxOseGp1suW,tYUgvzb1vme,,5
xS1Lke6V3Mi,202405,qxOseGp1suW,Ef4KxbjGxbT,,2
xS1Lke6V3Mi,202405,qxOseGp1suW,Il8BA9vyEMR,,1
xS1Lke6V3Mi,202405,qxOseGp1suW,rvysI7BkacY,,2
xS1Lke6V3Mi,202405,qxOseGp1suW,XVVWpHSO2oX,,1
xS1Lke6V3Mi,202405,qxOseGp1suW,JQvmQoGt2fF,,3
xS1Lke6V3Mi,202405,qxOseGp1suW,rHGpmF6nIpk,,1
xS1Lke6V3Mi,202405,qxOseGp1suW,h1WIloP9kCN,,1
xS1Lke6V3Mi,202405,qxOseGp1suW,kwtmCrGyQXV,,2
xS1Lke6V3Mi,202405,qxOseGp1suW,qLX4sVePBgY,,2
xS1Lke6V3Mi,202405,qxOseGp1suW,CIOzXSqTsag,,1
xS1Lke6V3Mi,202405,qxOseGp1suW,CRGd8gELPHe,,1
xS1Lke6V3Mi,202405,qxOseGp1suW,mj84eKQr31q,,1
afMU582wyjr,202405,qzSCbktjbqN,VnG1bujYXFO,,1
afMU582wyjr,202405,qzSCbktjbqN,q6626ce9TuF,,1
afMU582wyjr,202405,qzSCbktjbqN,Bkx1ls085wh,,5
afMU582wyjr,202405,qzSCbktjbqN,nAmNxGivtZp,,4
afMU582wyjr,202405,qzSCbktjbqN,FWUa85QQgwr,,1
afMU582wyjr,202405,qzSCbktjbqN,d6H2uRuFu1t,,2
afMU582wyjr,202405,qzSCbktjbqN,KEYtOYaTX8f,,1
afMU582wyjr,202405,qzSCbktjbqN,zZ9qcv1TDrd,,1
afMU582wyjr,202405,qzSCbktjbqN,urBNBOj7wJ6,,1
afMU582wyjr,202405,qzSCbktjbqN,c6giVLetbtS,,1
p7EP9qMVwqg,202405,qzSCbktjbqN,Bkx1ls085wh,,23
p7EP9qMVwqg,202405,qzSCbktjbqN,d6H2uRuFu1t,,32
p7EP9qMVwqg,202405,qzSCbktjbqN,DZdOUyhJ7jY,,8
p7EP9qMVwqg,202405,qzSCbktjbqN,VnG1bujYXFO,,12
p7EP9qMVwqg,202405,qzSCbktjbqN,q6626ce9TuF,,5
p7EP9qMVwqg,202405,qzSCbktjbqN,urBNBOj7wJ6,,9
p7EP9qMVwqg,202405,qzSCbktjbqN,LNnXcqLQysq,,5
p7EP9qMVwqg,202405,qzSCbktjbqN,c6giVLetbtS,,11
p7EP9qMVwqg,202405,qzSCbktjbqN,nAmNxGivtZp,,33
p7EP9qMVwqg,202405,qzSCbktjbqN,Dt1XF1qdQEj,,4
p7EP9qMVwqg,202405,qzSCbktjbqN,FWUa85QQgwr,,1
p7EP9qMVwqg,202405,qzSCbktjbqN,z1BDHlCs6ZQ,,2
p7EP9qMVwqg,202405,qzSCbktjbqN,yWgePqkmmHt,,1
p7EP9qMVwqg,202405,qzSCbktjbqN,Ex9UGjgH5kz,,3
p7EP9qMVwqg,202405,qzSCbktjbqN,KEYtOYaTX8f,,5
p7EP9qMVwqg,202405,qzSCbktjbqN,l3prxMDlmR2,,3
p7EP9qMVwqg,202405,qzSCbktjbqN,zZ9qcv1TDrd,,5
p7EP9qMVwqg,202405,qzSCbktjbqN,ggKrFA13JV4,,3
p7EP9qMVwqg,202405,qzSCbktjbqN,KXYtnasHRY1,,1
p7EP9qMVwqg,202405,qzSCbktjbqN,YE2FhUwTqmw,,1
p7EP9qMVwqg,202405,qzSCbktjbqN,Oi2gHeBaXlg,,1
p7EP9qMVwqg,202405,qzSCbktjbqN,bcE84lWmc6J,,1
p7EP9qMVwqg,202405,qzSCbktjbqN,TQ1rNJaFOXG,,1
p7EP9qMVwqg,202405,qzSCbktjbqN,yJV2FqniWS4,,1
p7EP9qMVwqg,202405,qzSCbktjbqN,q05S3F3dR5x,,1
xS1Lke6V3Mi,202405,qzSCbktjbqN,gEJ6qioKAKT,,4
xS1Lke6V3Mi,202405,qzSCbktjbqN,JQvmQoGt2fF,,3
xS1Lke6V3Mi,202405,qzSCbktjbqN,cnkfBn8ylWz,,1
afMU582wyjr,202405,r7ffzKHAPjn,c6giVLetbtS,,1
afMU582wyjr,202405,r7ffzKHAPjn,Bkx1ls085wh,,4
afMU582wyjr,202405,r7ffzKHAPjn,d6H2uRuFu1t,,2
afMU582wyjr,202405,r7ffzKHAPjn,ggKrFA13JV4,,1
afMU582wyjr,202405,r7ffzKHAPjn,DZdOUyhJ7jY,,1
afMU582wyjr,202405,r7ffzKHAPjn,q6626ce9TuF,,1
afMU582wyjr,202405,r7ffzKHAPjn,Ex9UGjgH5kz,,1
p7EP9qMVwqg,202405,r7ffzKHAPjn,c6giVLetbtS,,10
p7EP9qMVwqg,202405,r7ffzKHAPjn,Bkx1ls085wh,,23
p7EP9qMVwqg,202405,r7ffzKHAPjn,d6H2uRuFu1t,,27
p7EP9qMVwqg,202405,r7ffzKHAPjn,nAmNxGivtZp,,27
p7EP9qMVwqg,202405,r7ffzKHAPjn,YE2FhUwTqmw,,4
p7EP9qMVwqg,202405,r7ffzKHAPjn,q05S3F3dR5x,,3
p7EP9qMVwqg,202405,r7ffzKHAPjn,VnG1bujYXFO,,24
p7EP9qMVwqg,202405,r7ffzKHAPjn,DZdOUyhJ7jY,,9
p7EP9qMVwqg,202405,r7ffzKHAPjn,ggKrFA13JV4,,21
p7EP9qMVwqg,202405,r7ffzKHAPjn,zZ9qcv1TDrd,,2
p7EP9qMVwqg,202405,r7ffzKHAPjn,q6626ce9TuF,,10
p7EP9qMVwqg,202405,r7ffzKHAPjn,Ex9UGjgH5kz,,3
p7EP9qMVwqg,202405,r7ffzKHAPjn,BkPc3fi0d9y,,7
p7EP9qMVwqg,202405,r7ffzKHAPjn,TQ1rNJaFOXG,,4
p7EP9qMVwqg,202405,r7ffzKHAPjn,urBNBOj7wJ6,,5
p7EP9qMVwqg,202405,r7ffzKHAPjn,KEYtOYaTX8f,,7
p7EP9qMVwqg,202405,r7ffzKHAPjn,KXYtnasHRY1,,5
p7EP9qMVwqg,202405,r7ffzKHAPjn,l3prxMDlmR2,,4
p7EP9qMVwqg,202405,r7ffzKHAPjn,bcE84lWmc6J,,6
p7EP9qMVwqg,202405,r7ffzKHAPjn,DnVRKKNTMBf,,2
p7EP9qMVwqg,202405,r7ffzKHAPjn,Dt1XF1qdQEj,,8
p7EP9qMVwqg,202405,r7ffzKHAPjn,LNnXcqLQysq,,3
p7EP9qMVwqg,202405,r7ffzKHAPjn,Oi2gHeBaXlg,,4
p7EP9qMVwqg,202405,r7ffzKHAPjn,FWUa85QQgwr,,3
p7EP9qMVwqg,202405,r7ffzKHAPjn,ZKxOEssIh8z,,4
p7EP9qMVwqg,202405,r7ffzKHAPjn,yWgePqkmmHt,,2
p7EP9qMVwqg,202405,r7ffzKHAPjn,z1BDHlCs6ZQ,,1
xS1Lke6V3Mi,202405,r7ffzKHAPjn,gEJ6qioKAKT,,2
xS1Lke6V3Mi,202405,r7ffzKHAPjn,kwtmCrGyQXV,,3
xS1Lke6V3Mi,202405,r7ffzKHAPjn,tYUgvzb1vme,,1
xS1Lke6V3Mi,202405,r7ffzKHAPjn,rvysI7BkacY,,1
xS1Lke6V3Mi,202405,r7ffzKHAPjn,CIOzXSqTsag,,1
xS1Lke6V3Mi,202405,r7ffzKHAPjn,Ef4KxbjGxbT,,2
xS1Lke6V3Mi,202405,r7ffzKHAPjn,JQvmQoGt2fF,,1
afMU582wyjr,202405,rnvnawOH29g,urBNBOj7wJ6,,1
afMU582wyjr,202405,rnvnawOH29g,ggKrFA13JV4,,5
afMU582wyjr,202405,rnvnawOH29g,Oi2gHeBaXlg,,2
afMU582wyjr,202405,rnvnawOH29g,q6626ce9TuF,,1
afMU582wyjr,202405,rnvnawOH29g,d6H2uRuFu1t,,3
afMU582wyjr,202405,rnvnawOH29g,KEYtOYaTX8f,,1
afMU582wyjr,202405,rnvnawOH29g,z1BDHlCs6ZQ,,2
afMU582wyjr,202405,rnvnawOH29g,BkPc3fi0d9y,,3
afMU582wyjr,202405,rnvnawOH29g,Bkx1ls085wh,,2
afMU582wyjr,202405,rnvnawOH29g,VnG1bujYXFO,,2
afMU582wyjr,202405,rnvnawOH29g,bcE84lWmc6J,,2
afMU582wyjr,202405,rnvnawOH29g,l3prxMDlmR2,,1
afMU582wyjr,202405,rnvnawOH29g,DZdOUyhJ7jY,,1
afMU582wyjr,202405,rnvnawOH29g,nAmNxGivtZp,,4
afMU582wyjr,202405,rnvnawOH29g,c6giVLetbtS,,2
p7EP9qMVwqg,202405,rnvnawOH29g,BkPc3fi0d9y,,19
p7EP9qMVwqg,202405,rnvnawOH29g,Oi2gHeBaXlg,,28
p7EP9qMVwqg,202405,rnvnawOH29g,z1BDHlCs6ZQ,,9
p7EP9qMVwqg,202405,rnvnawOH29g,Bkx1ls085wh,,25
p7EP9qMVwqg,202405,rnvnawOH29g,ZKxOEssIh8z,,6
p7EP9qMVwqg,202405,rnvnawOH29g,ggKrFA13JV4,,61
p7EP9qMVwqg,202405,rnvnawOH29g,VnG1bujYXFO,,63
p7EP9qMVwqg,202405,rnvnawOH29g,nAmNxGivtZp,,56
p7EP9qMVwqg,202405,rnvnawOH29g,bcE84lWmc6J,,22
p7EP9qMVwqg,202405,rnvnawOH29g,d6H2uRuFu1t,,46
p7EP9qMVwqg,202405,rnvnawOH29g,q6626ce9TuF,,43
p7EP9qMVwqg,202405,rnvnawOH29g,DnVRKKNTMBf,,2
p7EP9qMVwqg,202405,rnvnawOH29g,urBNBOj7wJ6,,26
p7EP9qMVwqg,202405,rnvnawOH29g,zZ9qcv1TDrd,,15
p7EP9qMVwqg,202405,rnvnawOH29g,Dt1XF1qdQEj,,8
p7EP9qMVwqg,202405,rnvnawOH29g,yJV2FqniWS4,,5
p7EP9qMVwqg,202405,rnvnawOH29g,KEYtOYaTX8f,,23
p7EP9qMVwqg,202405,rnvnawOH29g,yWgePqkmmHt,,6
p7EP9qMVwqg,202405,rnvnawOH29g,DZdOUyhJ7jY,,23
p7EP9qMVwqg,202405,rnvnawOH29g,c6giVLetbtS,,23
p7EP9qMVwqg,202405,rnvnawOH29g,l3prxMDlmR2,,12
p7EP9qMVwqg,202405,rnvnawOH29g,TQ1rNJaFOXG,,3
xS1Lke6V3Mi,202405,rnvnawOH29g,JQvmQoGt2fF,,2
xS1Lke6V3Mi,202405,rnvnawOH29g,XEpB6AWLFsL,,1
xS1Lke6V3Mi,202405,rnvnawOH29g,FDKJX1wHd69,,1
xS1Lke6V3Mi,202405,rnvnawOH29g,gEJ6qioKAKT,,1
xS1Lke6V3Mi,202405,rnvnawOH29g,qLX4sVePBgY,,4
xS1Lke6V3Mi,202405,rnvnawOH29g,rvysI7BkacY,,3
xS1Lke6V3Mi,202405,rnvnawOH29g,kwtmCrGyQXV,,4
xS1Lke6V3Mi,202405,rnvnawOH29g,Ef4KxbjGxbT,,1
xS1Lke6V3Mi,202405,rnvnawOH29g,tYUgvzb1vme,,2
xS1Lke6V3Mi,202405,rnvnawOH29g,rHGpmF6nIpk,,1
xS1Lke6V3Mi,202405,rnvnawOH29g,h1WIloP9kCN,,1
afMU582wyjr,202405,x5H7RTfEiSC,KEYtOYaTX8f,,1
afMU582wyjr,202405,x5H7RTfEiSC,l3prxMDlmR2,,1
afMU582wyjr,202405,x5H7RTfEiSC,Bkx1ls085wh,,2
p7EP9qMVwqg,202405,x5H7RTfEiSC,c6giVLetbtS,,13
p7EP9qMVwqg,202405,x5H7RTfEiSC,KEYtOYaTX8f,,6
p7EP9qMVwqg,202405,x5H7RTfEiSC,d6H2uRuFu1t,,25
p7EP9qMVwqg,202405,x5H7RTfEiSC,bcE84lWmc6J,,10
p7EP9qMVwqg,202405,x5H7RTfEiSC,l3prxMDlmR2,,8
p7EP9qMVwqg,202405,x5H7RTfEiSC,VnG1bujYXFO,,28
p7EP9qMVwqg,202405,x5H7RTfEiSC,nAmNxGivtZp,,37
p7EP9qMVwqg,202405,x5H7RTfEiSC,DZdOUyhJ7jY,,10
p7EP9qMVwqg,202405,x5H7RTfEiSC,q6626ce9TuF,,7
p7EP9qMVwqg,202405,x5H7RTfEiSC,Bkx1ls085wh,,12
p7EP9qMVwqg,202405,x5H7RTfEiSC,Oi2gHeBaXlg,,10
p7EP9qMVwqg,202405,x5H7RTfEiSC,Ex9UGjgH5kz,,6
p7EP9qMVwqg,202405,x5H7RTfEiSC,q05S3F3dR5x,,3
p7EP9qMVwqg,202405,x5H7RTfEiSC,ggKrFA13JV4,,9
p7EP9qMVwqg,202405,x5H7RTfEiSC,yWgePqkmmHt,,2
p7EP9qMVwqg,202405,x5H7RTfEiSC,Dt1XF1qdQEj,,6
p7EP9qMVwqg,202405,x5H7RTfEiSC,BkPc3fi0d9y,,4
p7EP9qMVwqg,202405,x5H7RTfEiSC,KXYtnasHRY1,,3
p7EP9qMVwqg,202405,x5H7RTfEiSC,LNnXcqLQysq,,4
p7EP9qMVwqg,202405,x5H7RTfEiSC,FWUa85QQgwr,,2
p7EP9qMVwqg,202405,x5H7RTfEiSC,urBNBOj7wJ6,,5
p7EP9qMVwqg,202405,x5H7RTfEiSC,yJV2FqniWS4,,4
p7EP9qMVwqg,202405,x5H7RTfEiSC,ZKxOEssIh8z,,4
p7EP9qMVwqg,202405,x5H7RTfEiSC,zZ9qcv1TDrd,,2
p7EP9qMVwqg,202405,x5H7RTfEiSC,z1BDHlCs6ZQ,,1
xS1Lke6V3Mi,202405,x5H7RTfEiSC,JQvmQoGt2fF,,2
xS1Lke6V3Mi,202405,x5H7RTfEiSC,gEJ6qioKAKT,,3
xS1Lke6V3Mi,202405,x5H7RTfEiSC,kwtmCrGyQXV,,3
afMU582wyjr,202405,ylUEBY5uoL7,z1BDHlCs6ZQ,,1
afMU582wyjr,202405,ylUEBY5uoL7,Bkx1ls085wh,,7
afMU582wyjr,202405,ylUEBY5uoL7,d6H2uRuFu1t,,7
afMU582wyjr,202405,ylUEBY5uoL7,nAmNxGivtZp,,3
afMU582wyjr,202405,ylUEBY5uoL7,YE2FhUwTqmw,,2
afMU582wyjr,202405,ylUEBY5uoL7,c6giVLetbtS,,3
afMU582wyjr,202405,ylUEBY5uoL7,LNnXcqLQysq,,1
p7EP9qMVwqg,202405,ylUEBY5uoL7,d6H2uRuFu1t,,97
p7EP9qMVwqg,202405,ylUEBY5uoL7,z1BDHlCs6ZQ,,16
p7EP9qMVwqg,202405,ylUEBY5uoL7,VnG1bujYXFO,,16
p7EP9qMVwqg,202405,ylUEBY5uoL7,Bkx1ls085wh,,147
p7EP9qMVwqg,202405,ylUEBY5uoL7,c6giVLetbtS,,117
p7EP9qMVwqg,202405,ylUEBY5uoL7,nAmNxGivtZp,,56
p7EP9qMVwqg,202405,ylUEBY5uoL7,YE2FhUwTqmw,,9
p7EP9qMVwqg,202405,ylUEBY5uoL7,l3prxMDlmR2,,33
p7EP9qMVwqg,202405,ylUEBY5uoL7,KXYtnasHRY1,,11
p7EP9qMVwqg,202405,ylUEBY5uoL7,urBNBOj7wJ6,,9
p7EP9qMVwqg,202405,ylUEBY5uoL7,KEYtOYaTX8f,,12
p7EP9qMVwqg,202405,ylUEBY5uoL7,Dt1XF1qdQEj,,3
p7EP9qMVwqg,202405,ylUEBY5uoL7,zZ9qcv1TDrd,,3
p7EP9qMVwqg,202405,ylUEBY5uoL7,bcE84lWmc6J,,2
p7EP9qMVwqg,202405,ylUEBY5uoL7,ggKrFA13JV4,,6
p7EP9qMVwqg,202405,ylUEBY5uoL7,q6626ce9TuF,,3
p7EP9qMVwqg,202405,ylUEBY5uoL7,Oi2gHeBaXlg,,6
p7EP9qMVwqg,202405,ylUEBY5uoL7,LNnXcqLQysq,,7
p7EP9qMVwqg,202405,ylUEBY5uoL7,q05S3F3dR5x,,3
p7EP9qMVwqg,202405,ylUEBY5uoL7,BkPc3fi0d9y,,1
p7EP9qMVwqg,202405,ylUEBY5uoL7,FWUa85QQgwr,,1
p7EP9qMVwqg,202405,ylUEBY5uoL7,DZdOUyhJ7jY,,3
p7EP9qMVwqg,202405,ylUEBY5uoL7,DnVRKKNTMBf,,2
xS1Lke6V3Mi,202405,ylUEBY5uoL7,h1WIloP9kCN,,5
xS1Lke6V3Mi,202405,ylUEBY5uoL7,XEpB6AWLFsL,,4
xS1Lke6V3Mi,202405,ylUEBY5uoL7,Ef4KxbjGxbT,,1
xS1Lke6V3Mi,202405,ylUEBY5uoL7,tYUgvzb1vme,,11
xS1Lke6V3Mi,202405,ylUEBY5uoL7,gEJ6qioKAKT,,7
xS1Lke6V3Mi,202405,ylUEBY5uoL7,Il8BA9vyEMR,,1
xS1Lke6V3Mi,202405,ylUEBY5uoL7,FDKJX1wHd69,,1
xS1Lke6V3Mi,202405,ylUEBY5uoL7,CRGd8gELPHe,,1
xS1Lke6V3Mi,202405,ylUEBY5uoL7,kwtmCrGyQXV,,14
xS1Lke6V3Mi,202405,ylUEBY5uoL7,JQvmQoGt2fF,,4
xS1Lke6V3Mi,202405,ylUEBY5uoL7,cnkfBn8ylWz,,1
xS1Lke6V3Mi,202405,ylUEBY5uoL7,rHGpmF6nIpk,,2
xS1Lke6V3Mi,202405,ylUEBY5uoL7,TRrp9joSTDX,,1
