dataElement,period,orgUnit,categoryOptionCombo,attributeOptionCombo,value
URyL7Dv9F4U,202405,DAzDgWYcR87,LdmyQ035OAI,,92
URyL7Dv9F4U,202405,DAzDgWYcR87,m86SGbjvx3c,,38
URyL7Dv9F4U,202405,DAzDgWYcR87,axFk9jGNugE,,100
URyL7Dv9F4U,202405,DAzDgWYcR87,gQdRcUWZFrU,,79
URyL7Dv9F4U,202405,DAzDgWYcR87,eYl3FyS4bO3,,4
URyL7Dv9F4U,202405,DAzDgWYcR87,DBgcRz5pwmx,,21
URyL7Dv9F4U,202405,DAzDgWYcR87,wO7HeAbulnM,,1
URyL7Dv9F4U,202405,DAzDgWYcR87,i4713V3D9wi,,2
YBdu7j2gGjC,202405,DAzDgWYcR87,hyVPPHNEwLB,,32
YBdu7j2gGjC,202405,DAzDgWYcR87,TU97qv4vJ5O,,27
YBdu7j2gGjC,202405,DAzDgWYcR87,az6WUd9cNW8,,7
YBdu7j2gGjC,202405,DAzDgWYcR87,c4FaWCHZi2O,,1
YBdu7j2gGjC,202405,DAzDgWYcR87,ydvrOz9X2My,,14
YBdu7j2gGjC,202405,DAzDgWYcR87,ltwvGENFQ0F,,22
YBdu7j2gGjC,202405,DAzDgWYcR87,prSfkXlKE2r,,3
YBdu7j2gGjC,202405,DAzDgWYcR87,QZCuRi4MOLN,,10
YBdu7j2gGjC,202405,DAzDgWYcR87,NHtO8EwLQ9l,,6
YBdu7j2gGjC,202405,DAzDgWYcR87,NFKXwU6Oeta,,4
YBdu7j2gGjC,202405,DAzDgWYcR87,yDfHPRaDxwe,,2
YBdu7j2gGjC,202405,DAzDgWYcR87,X8pGUJitiVE,,1
YBdu7j2gGjC,202405,DAzDgWYcR87,KAyyHkzmuL1,,1
YBdu7j2gGjC,202405,DAzDgWYcR87,BoN2WhPnYl1,,1
YBdu7j2gGjC,202405,DAzDgWYcR87,zrFplyGIhtL,,1
YBdu7j2gGjC,202405,K4Rp81pn9ke,KAyyHkzmuL1,,2
YBdu7j2gGjC,202405,K4Rp81pn9ke,NlZJe4oDEFK,,3
YBdu7j2gGjC,202405,K4Rp81pn9ke,FmEMWg0TP1j,,2
YBdu7j2gGjC,202405,K4Rp81pn9ke,ydvrOz9X2My,,3
YBdu7j2gGjC,202405,K4Rp81pn9ke,z6KOjZfpQcx,,1
YBdu7j2gGjC,202405,K4Rp81pn9ke,rZH5lIUD4nH,,1
YBdu7j2gGjC,202405,K4Rp81pn9ke,QZCuRi4MOLN,,4
YBdu7j2gGjC,202405,K4Rp81pn9ke,f95YntMQY6i,,3
YBdu7j2gGjC,202405,K4Rp81pn9ke,zrFplyGIhtL,,2
YBdu7j2gGjC,202405,K4Rp81pn9ke,fhtynTWtvqv,,1
YBdu7j2gGjC,202405,K4Rp81pn9ke,ldWyKRgvIyU,,3
YBdu7j2gGjC,202405,K4Rp81pn9ke,az6WUd9cNW8,,4
YBdu7j2gGjC,202405,K4Rp81pn9ke,UQaQKObbrwj,,2
YBdu7j2gGjC,202405,K4Rp81pn9ke,hyVPPHNEwLB,,6
YBdu7j2gGjC,202405,K4Rp81pn9ke,TU97qv4vJ5O,,6
YBdu7j2gGjC,202405,K4Rp81pn9ke,HYtbCWnAdG9,,2
YBdu7j2gGjC,202405,K4Rp81pn9ke,NFKXwU6Oeta,,5
YBdu7j2gGjC,202405,K4Rp81pn9ke,pe07Wvr90Zc,,5
YBdu7j2gGjC,202405,K4Rp81pn9ke,c4FaWCHZi2O,,2
YBdu7j2gGjC,202405,K4Rp81pn9ke,X8pGUJitiVE,,4
YBdu7j2gGjC,202405,K4Rp81pn9ke,eSoHGswqAsd,,1
YBdu7j2gGjC,202405,K4Rp81pn9ke,T6zWRBnlJhR,,1
YBdu7j2gGjC,202405,K4Rp81pn9ke,VZNJvQNlECI,,4
YBdu7j2gGjC,202405,K4Rp81pn9ke,prSfkXlKE2r,,2
YBdu7j2gGjC,202405,K4Rp81pn9ke,NHtO8EwLQ9l,,4
YBdu7j2gGjC,202405,K4Rp81pn9ke,Z0jVIrTmC1P,,1
YBdu7j2gGjC,202405,K4Rp81pn9ke,Q27GSYLDkGk,,2
YBdu7j2gGjC,202405,K4Rp81pn9ke,Z2jmPAIHrel,,2
YBdu7j2gGjC,202405,K4Rp81pn9ke,yPnEtFpqtt5,,3
YBdu7j2gGjC,202405,K4Rp81pn9ke,BoN2WhPnYl1,,2
YBdu7j2gGjC,202405,K4Rp81pn9ke,yDfHPRaDxwe,,3
YBdu7j2gGjC,202405,K4Rp81pn9ke,RnaDS67VAvQ,,1
YBdu7j2gGjC,202405,K4Rp81pn9ke,PFWJho4V0Bq,,1
YBdu7j2gGjC,202405,K4Rp81pn9ke,KY39qXVMOj1,,1
YBdu7j2gGjC,202405,K4Rp81pn9ke,X1ckVzLvwRB,,1
YBdu7j2gGjC,202405,K4Rp81pn9ke,NGYepD2stMO,,2
URyL7Dv9F4U,202405,KBwIeXdNrEP,axFk9jGNugE,,2
URyL7Dv9F4U,202405,KBwIeXdNrEP,LdmyQ035OAI,,3
URyL7Dv9F4U,202405,KBwIeXdNrEP,eYl3FyS4bO3,,1
URyL7Dv9F4U,202405,KBwIeXdNrEP,m86SGbjvx3c,,2
URyL7Dv9F4U,202405,KBwIeXdNrEP,gQdRcUWZFrU,,1
URyL7Dv9F4U,202405,KBwIeXdNrEP,DBgcRz5pwmx,,2
YBdu7j2gGjC,202405,KBwIeXdNrEP,f95YntMQY6i,,10
YBdu7j2gGjC,202405,KBwIeXdNrEP,QZCuRi4MOLN,,3
YBdu7j2gGjC,202405,KBwIeXdNrEP,eSoHGswqAsd,,2
YBdu7j2gGjC,202405,KBwIeXdNrEP,ltwvGENFQ0F,,12
YBdu7j2gGjC,202405,KBwIeXdNrEP,tDVcPbjxTPK,,4
YBdu7j2gGjC,202405,KBwIeXdNrEP,FmEMWg0TP1j,,3
YBdu7j2gGjC,202405,KBwIeXdNrEP,c4FaWCHZi2O,,3
YBdu7j2gGjC,202405,KBwIeXdNrEP,z6KOjZfpQcx,,6
YBdu7j2gGjC,202405,KBwIeXdNrEP,az6WUd9cNW8,,6
YBdu7j2gGjC,202405,KBwIeXdNrEP,zrFplyGIhtL,,1
YBdu7j2gGjC,202405,KBwIeXdNrEP,hyVPPHNEwLB,,9
YBdu7j2gGjC,202405,KBwIeXdNrEP,BoN2WhPnYl1,,5
YBdu7j2gGjC,202405,KBwIeXdNrEP,X1ckVzLvwRB,,3
YBdu7j2gGjC,202405,KBwIeXdNrEP,Q27GSYLDkGk,,1
YBdu7j2gGjC,202405,KBwIeXdNrEP,HYtbCWnAdG9,,5
YBdu7j2gGjC,202405,KBwIeXdNrEP,MMyMkF05moq,,3
YBdu7j2gGjC,202405,KBwIeXdNrEP,Z2jmPAIHrel,,3
YBdu7j2gGjC,202405,KBwIeXdNrEP,TU97qv4vJ5O,,4
YBdu7j2gGjC,202405,KBwIeXdNrEP,NHtO8EwLQ9l,,2
YBdu7j2gGjC,202405,KBwIeXdNrEP,yPnEtFpqtt5,,1
YBdu7j2gGjC,202405,KBwIeXdNrEP,NlZJe4oDEFK,,3
YBdu7j2gGjC,202405,KBwIeXdNrEP,UQaQKObbrwj,,3
YBdu7j2gGjC,202405,KBwIeXdNrEP,QdKC55saRRw,,1
YBdu7j2gGjC,202405,KBwIeXdNrEP,pe07Wvr90Zc,,1
YBdu7j2gGjC,202405,KBwIeXdNrEP,ldWyKRgvIyU,,2
YBdu7j2gGjC,202405,KBwIeXdNrEP,rZH5lIUD4nH,,1
YBdu7j2gGjC,202405,KBwIeXdNrEP,Z0jVIrTmC1P,,1
YBdu7j2gGjC,202405,KBwIeXdNrEP,KAyyHkzmuL1,,2
YBdu7j2gGjC,202405,KBwIeXdNrEP,prSfkXlKE2r,,1
YBdu7j2gGjC,202405,KBwIeXdNrEP,yDfHPRaDxwe,,1
YBdu7j2gGjC,202405,KBwIeXdNrEP,ydvrOz9X2My,,1
URyL7Dv9F4U,202405,KYB11OcHLUo,axFk9jGNugE,,102
URyL7Dv9F4U,202405,KYB11OcHLUo,DBgcRz5pwmx,,38
URyL7Dv9F4U,202405,KYB11OcHLUo,LdmyQ035OAI,,88
URyL7Dv9F4U,202405,KYB11OcHLUo,m86SGbjvx3c,,54
URyL7Dv9F4U,202405,KYB11OcHLUo,gQdRcUWZFrU,,93
URyL7Dv9F4U,202405,KYB11OcHLUo,eYl3FyS4bO3,,12
URyL7Dv9F4U,202405,KYB11OcHLUo,jFLRuq8sI4g,,1
URyL7Dv9F4U,202405,KYB11OcHLUo,wO7HeAbulnM,,1
URyL7Dv9F4U,202405,KYB11OcHLUo,OagU5JAnAB2,,1
URyL7Dv9F4U,202405,KYB11OcHLUo,i4713V3D9wi,,1
YBdu7j2gGjC,202405,KYB11OcHLUo,ltwvGENFQ0F,,22
YBdu7j2gGjC,202405,KYB11OcHLUo,VZNJvQNlECI,,8
YBdu7j2gGjC,202405,KYB11OcHLUo,az6WUd9cNW8,,24
YBdu7j2gGjC,202405,KYB11OcHLUo,X1ckVzLvwRB,,25
YBdu7j2gGjC,202405,KYB11OcHLUo,NHtO8EwLQ9l,,23
YBdu7j2gGjC,202405,KYB11OcHLUo,pe07Wvr90Zc,,9
YBdu7j2gGjC,202405,KYB11OcHLUo,NFKXwU6Oeta,,18
YBdu7j2gGjC,202405,KYB11OcHLUo,TU97qv4vJ5O,,48
YBdu7j2gGjC,202405,KYB11OcHLUo,Z0jVIrTmC1P,,12
YBdu7j2gGjC,202405,KYB11OcHLUo,c4FaWCHZi2O,,27
YBdu7j2gGjC,202405,KYB11OcHLUo,ydvrOz9X2My,,29
YBdu7j2gGjC,202405,KYB11OcHLUo,f95YntMQY6i,,31
YBdu7j2gGjC,202405,KYB11OcHLUo,hyVPPHNEwLB,,43
YBdu7j2gGjC,202405,KYB11OcHLUo,ldWyKRgvIyU,,22
YBdu7j2gGjC,202405,KYB11OcHLUo,frIsAnU6KOZ,,6
YBdu7j2gGjC,202405,KYB11OcHLUo,yDfHPRaDxwe,,4
YBdu7j2gGjC,202405,KYB11OcHLUo,UQaQKObbrwj,,12
YBdu7j2gGjC,202405,KYB11OcHLUo,PFWJho4V0Bq,,4
YBdu7j2gGjC,202405,KYB11OcHLUo,prSfkXlKE2r,,9
YBdu7j2gGjC,202405,KYB11OcHLUo,zrFplyGIhtL,,3
YBdu7j2gGjC,202405,KYB11OcHLUo,QZCuRi4MOLN,,4
YBdu7j2gGjC,202405,KYB11OcHLUo,Q27GSYLDkGk,,2
YBdu7j2gGjC,202405,KYB11OcHLUo,NGYepD2stMO,,2
YBdu7j2gGjC,202405,KYB11OcHLUo,BoN2WhPnYl1,,3
YBdu7j2gGjC,202405,KYB11OcHLUo,NlZJe4oDEFK,,4
YBdu7j2gGjC,202405,KYB11OcHLUo,tDVcPbjxTPK,,1
YBdu7j2gGjC,202405,KYB11OcHLUo,MMyMkF05moq,,2
YBdu7j2gGjC,202405,KYB11OcHLUo,RnKGfzcpePu,,1
YBdu7j2gGjC,202405,KYB11OcHLUo,z6KOjZfpQcx,,2
YBdu7j2gGjC,202405,KYB11OcHLUo,rZH5lIUD4nH,,2
YBdu7j2gGjC,202405,KYB11OcHLUo,FmEMWg0TP1j,,1
YBdu7j2gGjC,202405,KYB11OcHLUo,X8pGUJitiVE,,3
YBdu7j2gGjC,202405,KYB11OcHLUo,Z2jmPAIHrel,,1
YBdu7j2gGjC,202405,KYB11OcHLUo,KY39qXVMOj1,,1
YBdu7j2gGjC,202405,KYB11OcHLUo,HYtbCWnAdG9,,1
URyL7Dv9F4U,202405,LkGWB1A0zSy,gQdRcUWZFrU,,84
URyL7Dv9F4U,202405,LkGWB1A0zSy,eYl3FyS4bO3,,9
URyL7Dv9F4U,202405,LkGWB1A0zSy,LdmyQ035OAI,,104
URyL7Dv9F4U,202405,LkGWB1A0zSy,DBgcRz5pwmx,,46
URyL7Dv9F4U,202405,LkGWB1A0zSy,axFk9jGNugE,,106
URyL7Dv9F4U,202405,LkGWB1A0zSy,m86SGbjvx3c,,73
URyL7Dv9F4U,202405,LkGWB1A0zSy,OagU5JAnAB2,,3
URyL7Dv9F4U,202405,LkGWB1A0zSy,wO7HeAbulnM,,1
URyL7Dv9F4U,202405,LkGWB1A0zSy,THz9WIOohkb,,3
URyL7Dv9F4U,202405,LkGWB1A0zSy,MRGBPtNHxDx,,2
URyL7Dv9F4U,202405,LkGWB1A0zSy,i4713V3D9wi,,1
YBdu7j2gGjC,202405,LkGWB1A0zSy,PFWJho4V0Bq,,2
YBdu7j2gGjC,202405,LkGWB1A0zSy,f95YntMQY6i,,1
YBdu7j2gGjC,202405,LkGWB1A0zSy,ydvrOz9X2My,,10
YBdu7j2gGjC,202405,LkGWB1A0zSy,prSfkXlKE2r,,2
YBdu7j2gGjC,202405,LkGWB1A0zSy,TU97qv4vJ5O,,8
YBdu7j2gGjC,202405,LkGWB1A0zSy,MMyMkF05moq,,4
YBdu7j2gGjC,202405,LkGWB1A0zSy,Z0jVIrTmC1P,,4
YBdu7j2gGjC,202405,LkGWB1A0zSy,yDfHPRaDxwe,,3
YBdu7j2gGjC,202405,LkGWB1A0zSy,NHtO8EwLQ9l,,5
YBdu7j2gGjC,202405,LkGWB1A0zSy,hyVPPHNEwLB,,13
YBdu7j2gGjC,202405,LkGWB1A0zSy,ltwvGENFQ0F,,4
YBdu7j2gGjC,202405,LkGWB1A0zSy,az6WUd9cNW8,,3
YBdu7j2gGjC,202405,LkGWB1A0zSy,VZNJvQNlECI,,1
YBdu7j2gGjC,202405,LkGWB1A0zSy,BoN2WhPnYl1,,1
YBdu7j2gGjC,202405,LkGWB1A0zSy,frIsAnU6KOZ,,2
YBdu7j2gGjC,202405,LkGWB1A0zSy,ldWyKRgvIyU,,1
YBdu7j2gGjC,202405,LkGWB1A0zSy,UQaQKObbrwj,,1
YBdu7j2gGjC,202405,LkGWB1A0zSy,Z2jmPAIHrel,,1
YBdu7j2gGjC,202405,LkGWB1A0zSy,NFKXwU6Oeta,,2
YBdu7j2gGjC,202405,LkGWB1A0zSy,c4FaWCHZi2O,,1
YBdu7j2gGjC,202405,LkGWB1A0zSy,pe07Wvr90Zc,,1
YBdu7j2gGjC,202405,LkGWB1A0zSy,HYtbCWnAdG9,,1
YBdu7j2gGjC,202405,LkGWB1A0zSy,X1ckVzLvwRB,,1
URyL7Dv9F4U,202405,Me0dT6DRkKk,m86SGbjvx3c,,52
URyL7Dv9F4U,202405,Me0dT6DRkKk,axFk9jGNugE,,82
URyL7Dv9F4U,202405,Me0dT6DRkKk,gQdRcUWZFrU,,74
URyL7Dv9F4U,202405,Me0dT6DRkKk,DBgcRz5pwmx,,34
URyL7Dv9F4U,202405,Me0dT6DRkKk,LdmyQ035OAI,,73
URyL7Dv9F4U,202405,Me0dT6DRkKk,eYl3FyS4bO3,,5
URyL7Dv9F4U,202405,Me0dT6DRkKk,i4713V3D9wi,,2
URyL7Dv9F4U,202405,Me0dT6DRkKk,bXSSO7TWzvW,,1
YBdu7j2gGjC,202405,Me0dT6DRkKk,NHtO8EwLQ9l,,4
YBdu7j2gGjC,202405,Me0dT6DRkKk,ldWyKRgvIyU,,2
YBdu7j2gGjC,202405,Me0dT6DRkKk,HYtbCWnAdG9,,1
YBdu7j2gGjC,202405,Me0dT6DRkKk,prSfkXlKE2r,,1
YBdu7j2gGjC,202405,Me0dT6DRkKk,hyVPPHNEwLB,,4
YBdu7j2gGjC,202405,Me0dT6DRkKk,yDfHPRaDxwe,,1
YBdu7j2gGjC,202405,Me0dT6DRkKk,TU97qv4vJ5O,,3
YBdu7j2gGjC,202405,Me0dT6DRkKk,pe07Wvr90Zc,,2
YBdu7j2gGjC,202405,Me0dT6DRkKk,f95YntMQY6i,,4
YBdu7j2gGjC,202405,Me0dT6DRkKk,Q27GSYLDkGk,,1
YBdu7j2gGjC,202405,Me0dT6DRkKk,az6WUd9cNW8,,4
YBdu7j2gGjC,202405,Me0dT6DRkKk,ydvrOz9X2My,,3
YBdu7j2gGjC,202405,Me0dT6DRkKk,frIsAnU6KOZ,,2
YBdu7j2gGjC,202405,Me0dT6DRkKk,UQaQKObbrwj,,1
YBdu7j2gGjC,202405,Me0dT6DRkKk,X1ckVzLvwRB,,1
YBdu7j2gGjC,202405,Me0dT6DRkKk,c4FaWCHZi2O,,3
YBdu7j2gGjC,202405,Me0dT6DRkKk,fhtynTWtvqv,,1
YBdu7j2gGjC,202405,Me0dT6DRkKk,VZNJvQNlECI,,1
YBdu7j2gGjC,202405,Me0dT6DRkKk,NFKXwU6Oeta,,2
YBdu7j2gGjC,202405,Me0dT6DRkKk,yPnEtFpqtt5,,1
YBdu7j2gGjC,202405,Me0dT6DRkKk,Z0jVIrTmC1P,,2
YBdu7j2gGjC,202405,Me0dT6DRkKk,QZCuRi4MOLN,,1
YBdu7j2gGjC,202405,Me0dT6DRkKk,NlZJe4oDEFK,,1
YBdu7j2gGjC,202405,Me0dT6DRkKk,z6KOjZfpQcx,,1
YBdu7j2gGjC,202405,Me0dT6DRkKk,zrFplyGIhtL,,1
YBdu7j2gGjC,202405,O6AwtjumLhU,zrFplyGIhtL,,2
YBdu7j2gGjC,202405,O6AwtjumLhU,QZCuRi4MOLN,,11
YBdu7j2gGjC,202405,O6AwtjumLhU,Z0jVIrTmC1P,,2
YBdu7j2gGjC,202405,O6AwtjumLhU,f95YntMQY6i,,7
YBdu7j2gGjC,202405,O6AwtjumLhU,ltwvGENFQ0F,,4
YBdu7j2gGjC,202405,O6AwtjumLhU,ydvrOz9X2My,,14
YBdu7j2gGjC,202405,O6AwtjumLhU,pe07Wvr90Zc,,2
YBdu7j2gGjC,202405,O6AwtjumLhU,PFWJho4V0Bq,,1
YBdu7j2gGjC,202405,O6AwtjumLhU,X8pGUJitiVE,,2
YBdu7j2gGjC,202405,O6AwtjumLhU,z6KOjZfpQcx,,3
YBdu7j2gGjC,202405,O6AwtjumLhU,HYtbCWnAdG9,,2
YBdu7j2gGjC,202405,O6AwtjumLhU,NHtO8EwLQ9l,,3
YBdu7j2gGjC,202405,O6AwtjumLhU,T6zWRBnlJhR,,1
YBdu7j2gGjC,202405,O6AwtjumLhU,X1ckVzLvwRB,,6
YBdu7j2gGjC,202405,O6AwtjumLhU,fhtynTWtvqv,,1
YBdu7j2gGjC,202405,O6AwtjumLhU,hyVPPHNEwLB,,13
YBdu7j2gGjC,202405,O6AwtjumLhU,MMyMkF05moq,,2
YBdu7j2gGjC,202405,O6AwtjumLhU,az6WUd9cNW8,,8
YBdu7j2gGjC,202405,O6AwtjumLhU,UQaQKObbrwj,,4
YBdu7j2gGjC,202405,O6AwtjumLhU,ldWyKRgvIyU,,4
YBdu7j2gGjC,202405,O6AwtjumLhU,c4FaWCHZi2O,,3
YBdu7j2gGjC,202405,O6AwtjumLhU,TU97qv4vJ5O,,5
YBdu7j2gGjC,202405,O6AwtjumLhU,Q27GSYLDkGk,,1
YBdu7j2gGjC,202405,O6AwtjumLhU,NFKXwU6Oeta,,4
YBdu7j2gGjC,202405,O6AwtjumLhU,KAyyHkzmuL1,,1
YBdu7j2gGjC,202405,O6AwtjumLhU,FmEMWg0TP1j,,2
YBdu7j2gGjC,202405,O6AwtjumLhU,VZNJvQNlECI,,1
YBdu7j2gGjC,202405,O6AwtjumLhU,RnKGfzcpePu,,1
YBdu7j2gGjC,202405,O6AwtjumLhU,yPnEtFpqtt5,,1
YBdu7j2gGjC,202405,O6AwtjumLhU,Z2jmPAIHrel,,1
URyL7Dv9F4U,202405,PN6vjlhFZOc,m86SGbjvx3c,,30
URyL7Dv9F4U,202405,PN6vjlhFZOc,LdmyQ035OAI,,45
URyL7Dv9F4U,202405,PN6vjlhFZOc,axFk9jGNugE,,53
URyL7Dv9F4U,202405,PN6vjlhFZOc,MRGBPtNHxDx,,2
URyL7Dv9F4U,202405,PN6vjlhFZOc,gQdRcUWZFrU,,52
URyL7Dv9F4U,202405,PN6vjlhFZOc,eYl3FyS4bO3,,8
URyL7Dv9F4U,202405,PN6vjlhFZOc,DBgcRz5pwmx,,26
URyL7Dv9F4U,202405,PN6vjlhFZOc,bXSSO7TWzvW,,2
YBdu7j2gGjC,202405,PN6vjlhFZOc,c4FaWCHZi2O,,7
YBdu7j2gGjC,202405,PN6vjlhFZOc,zrFplyGIhtL,,2
YBdu7j2gGjC,202405,PN6vjlhFZOc,NFKXwU6Oeta,,7
YBdu7j2gGjC,202405,PN6vjlhFZOc,ldWyKRgvIyU,,6
YBdu7j2gGjC,202405,PN6vjlhFZOc,NHtO8EwLQ9l,,12
YBdu7j2gGjC,202405,PN6vjlhFZOc,az6WUd9cNW8,,12
YBdu7j2gGjC,202405,PN6vjlhFZOc,hyVPPHNEwLB,,22
YBdu7j2gGjC,202405,PN6vjlhFZOc,yDfHPRaDxwe,,2
YBdu7j2gGjC,202405,PN6vjlhFZOc,PFWJho4V0Bq,,1
YBdu7j2gGjC,202405,PN6vjlhFZOc,pe07Wvr90Zc,,3
YBdu7j2gGjC,202405,PN6vjlhFZOc,frIsAnU6KOZ,,2
YBdu7j2gGjC,202405,PN6vjlhFZOc,f95YntMQY6i,,9
YBdu7j2gGjC,202405,PN6vjlhFZOc,ydvrOz9X2My,,15
YBdu7j2gGjC,202405,PN6vjlhFZOc,VZNJvQNlECI,,4
YBdu7j2gGjC,202405,PN6vjlhFZOc,TU97qv4vJ5O,,23
YBdu7j2gGjC,202405,PN6vjlhFZOc,prSfkXlKE2r,,3
YBdu7j2gGjC,202405,PN6vjlhFZOc,NlZJe4oDEFK,,1
YBdu7j2gGjC,202405,PN6vjlhFZOc,FmEMWg0TP1j,,1
YBdu7j2gGjC,202405,PN6vjlhFZOc,X1ckVzLvwRB,,6
YBdu7j2gGjC,202405,PN6vjlhFZOc,UQaQKObbrwj,,5
YBdu7j2gGjC,202405,PN6vjlhFZOc,X8pGUJitiVE,,1
YBdu7j2gGjC,202405,PN6vjlhFZOc,ltwvGENFQ0F,,5
YBdu7j2gGjC,202405,PN6vjlhFZOc,z6KOjZfpQcx,,1
YBdu7j2gGjC,202405,PN6vjlhFZOc,Z0jVIrTmC1P,,2
YBdu7j2gGjC,202405,PN6vjlhFZOc,QZCuRi4MOLN,,1
YBdu7j2gGjC,202405,PN6vjlhFZOc,Q27GSYLDkGk,,2
YBdu7j2gGjC,202405,PN6vjlhFZOc,BoN2WhPnYl1,,1
YBdu7j2gGjC,202405,PN6vjlhFZOc,NGYepD2stMO,,1
YBdu7j2gGjC,202405,PN6vjlhFZOc,RnaDS67VAvQ,,1
YBdu7j2gGjC,202405,PN6vjlhFZOc,rZH5lIUD4nH,,1
YBdu7j2gGjC,202405,RUQjZiHdXwL,ldWyKRgvIyU,,16
YBdu7j2gGjC,202405,RUQjZiHdXwL,tDVcPbjxTPK,,8
YBdu7j2gGjC,202405,RUQjZiHdXwL,TU97qv4vJ5O,,19
YBdu7j2gGjC,202405,RUQjZiHdXwL,c4FaWCHZi2O,,27
YBdu7j2gGjC,202405,RUQjZiHdXwL,X1ckVzLvwRB,,15
YBdu7j2gGjC,202405,RUQjZiHdXwL,BoN2WhPnYl1,,8
YBdu7j2gGjC,202405,RUQjZiHdXwL,Q27GSYLDkGk,,6
YBdu7j2gGjC,202405,RUQjZiHdXwL,HYtbCWnAdG9,,9
YBdu7j2gGjC,202405,RUQjZiHdXwL,KY39qXVMOj1,,4
YBdu7j2gGjC,202405,RUQjZiHdXwL,rZH5lIUD4nH,,1
YBdu7j2gGjC,202405,RUQjZiHdXwL,hyVPPHNEwLB,,42
YBdu7j2gGjC,202405,RUQjZiHdXwL,NFKXwU6Oeta,,7
YBdu7j2gGjC,202405,RUQjZiHdXwL,f95YntMQY6i,,6
YBdu7j2gGjC,202405,RUQjZiHdXwL,yPnEtFpqtt5,,6
YBdu7j2gGjC,202405,RUQjZiHdXwL,yDfHPRaDxwe,,2
YBdu7j2gGjC,202405,RUQjZiHdXwL,pe07Wvr90Zc,,11
YBdu7j2gGjC,202405,RUQjZiHdXwL,Z0jVIrTmC1P,,7
YBdu7j2gGjC,202405,RUQjZiHdXwL,ltwvGENFQ0F,,20
YBdu7j2gGjC,202405,RUQjZiHdXwL,VZNJvQNlECI,,3
YBdu7j2gGjC,202405,RUQjZiHdXwL,ydvrOz9X2My,,17
YBdu7j2gGjC,202405,RUQjZiHdXwL,QZCuRi4MOLN,,8
YBdu7j2gGjC,202405,RUQjZiHdXwL,z6KOjZfpQcx,,3
YBdu7j2gGjC,202405,RUQjZiHdXwL,az6WUd9cNW8,,12
YBdu7j2gGjC,202405,RUQjZiHdXwL,T6zWRBnlJhR,,1
YBdu7j2gGjC,202405,RUQjZiHdXwL,UQaQKObbrwj,,9
YBdu7j2gGjC,202405,RUQjZiHdXwL,NlZJe4oDEFK,,4
YBdu7j2gGjC,202405,RUQjZiHdXwL,KAyyHkzmuL1,,1
YBdu7j2gGjC,202405,RUQjZiHdXwL,NHtO8EwLQ9l,,8
YBdu7j2gGjC,202405,RUQjZiHdXwL,X8pGUJitiVE,,2
YBdu7j2gGjC,202405,RUQjZiHdXwL,MMyMkF05moq,,2
YBdu7j2gGjC,202405,RUQjZiHdXwL,NGYepD2stMO,,2
YBdu7j2gGjC,202405,RUQjZiHdXwL,QdKC55saRRw,,1
YBdu7j2gGjC,202405,RUQjZiHdXwL,OdBhPUGWQ5m,,2
YBdu7j2gGjC,202405,RUQjZiHdXwL,zrFplyGIhtL,,7
YBdu7j2gGjC,202405,RUQjZiHdXwL,RnaDS67VAvQ,,2
YBdu7j2gGjC,202405,RUQjZiHdXwL,Z2jmPAIHrel,,2
YBdu7j2gGjC,202405,RUQjZiHdXwL,FmEMWg0TP1j,,2
URyL7Dv9F4U,202405,U3j0Fn86BVV,gQdRcUWZFrU,,50
URyL7Dv9F4U,202405,U3j0Fn86BVV,axFk9jGNugE,,88
URyL7Dv9F4U,202405,U3j0Fn86BVV,LdmyQ035OAI,,70
URyL7Dv9F4U,202405,U3j0Fn86BVV,DBgcRz5pwmx,,35
URyL7Dv9F4U,202405,U3j0Fn86BVV,m86SGbjvx3c,,53
URyL7Dv9F4U,202405,U3j0Fn86BVV,eYl3FyS4bO3,,4
URyL7Dv9F4U,202405,U3j0Fn86BVV,i4713V3D9wi,,1
URyL7Dv9F4U,202405,U3j0Fn86BVV,bXSSO7TWzvW,,1
YBdu7j2gGjC,202405,U3j0Fn86BVV,hyVPPHNEwLB,,8
YBdu7j2gGjC,202405,U3j0Fn86BVV,NHtO8EwLQ9l,,4
YBdu7j2gGjC,202405,U3j0Fn86BVV,zrFplyGIhtL,,1
YBdu7j2gGjC,202405,U3j0Fn86BVV,X1ckVzLvwRB,,2
YBdu7j2gGjC,202405,U3j0Fn86BVV,UQaQKObbrwj,,2
YBdu7j2gGjC,202405,U3j0Fn86BVV,TU97qv4vJ5O,,2
YBdu7j2gGjC,202405,U3j0Fn86BVV,Z0jVIrTmC1P,,3
YBdu7j2gGjC,202405,U3j0Fn86BVV,f95YntMQY6i,,2
YBdu7j2gGjC,202405,U3j0Fn86BVV,ydvrOz9X2My,,2
YBdu7j2gGjC,202405,U3j0Fn86BVV,KAyyHkzmuL1,,1
YBdu7j2gGjC,202405,U3j0Fn86BVV,BoN2WhPnYl1,,1
YBdu7j2gGjC,202405,U3j0Fn86BVV,pe07Wvr90Zc,,1
URyL7Dv9F4U,202405,WXiWaw7RM8S,LdmyQ035OAI,,153
URyL7Dv9F4U,202405,WXiWaw7RM8S,axFk9jGNugE,,218
URyL7Dv9F4U,202405,WXiWaw7RM8S,gQdRcUWZFrU,,199
URyL7Dv9F4U,202405,WXiWaw7RM8S,m86SGbjvx3c,,88
URyL7Dv9F4U,202405,WXiWaw7RM8S,DBgcRz5pwmx,,30
URyL7Dv9F4U,202405,WXiWaw7RM8S,KdoWTnzRWTZ,,2
URyL7Dv9F4U,202405,WXiWaw7RM8S,MRGBPtNHxDx,,7
URyL7Dv9F4U,202405,WXiWaw7RM8S,eYl3FyS4bO3,,5
URyL7Dv9F4U,202405,WXiWaw7RM8S,jFLRuq8sI4g,,3
URyL7Dv9F4U,202405,WXiWaw7RM8S,i4713V3D9wi,,1
URyL7Dv9F4U,202405,WXiWaw7RM8S,pAyK9RckfKe,,5
URyL7Dv9F4U,202405,WXiWaw7RM8S,wO7HeAbulnM,,3
URyL7Dv9F4U,202405,WXiWaw7RM8S,OagU5JAnAB2,,7
YBdu7j2gGjC,202405,WXiWaw7RM8S,NlZJe4oDEFK,,1
YBdu7j2gGjC,202405,WXiWaw7RM8S,NFKXwU6Oeta,,1
YBdu7j2gGjC,202405,WXiWaw7RM8S,c4FaWCHZi2O,,1
YBdu7j2gGjC,202405,WXiWaw7RM8S,KAyyHkzmuL1,,2
YBdu7j2gGjC,202405,WXiWaw7RM8S,hyVPPHNEwLB,,2
YBdu7j2gGjC,202405,WXiWaw7RM8S,zrFplyGIhtL,,1
YBdu7j2gGjC,202405,WXiWaw7RM8S,prSfkXlKE2r,,5
YBdu7j2gGjC,202405,WXiWaw7RM8S,T6zWRBnlJhR,,1
YBdu7j2gGjC,202405,WXiWaw7RM8S,FmEMWg0TP1j,,1
YBdu7j2gGjC,202405,WXiWaw7RM8S,Q27GSYLDkGk,,1
YBdu7j2gGjC,202405,WXiWaw7RM8S,yDfHPRaDxwe,,4
YBdu7j2gGjC,202405,WXiWaw7RM8S,ldWyKRgvIyU,,1
YBdu7j2gGjC,202405,WXiWaw7RM8S,ydvrOz9X2My,,1
YBdu7j2gGjC,202405,WXiWaw7RM8S,NGYepD2stMO,,1
YBdu7j2gGjC,202405,WXiWaw7RM8S,UQaQKObbrwj,,1
YBdu7j2gGjC,202405,WXiWaw7RM8S,rZH5lIUD4nH,,1
YBdu7j2gGjC,202405,WXiWaw7RM8S,RnaDS67VAvQ,,1
URyL7Dv9F4U,202405,ZYfAiZnlNsQ,LdmyQ035OAI,,51
URyL7Dv9F4U,202405,ZYfAiZnlNsQ,axFk9jGNugE,,65
URyL7Dv9F4U,202405,ZYfAiZnlNsQ,gQdRcUWZFrU,,48
URyL7Dv9F4U,202405,ZYfAiZnlNsQ,eYl3FyS4bO3,,4
URyL7Dv9F4U,202405,ZYfAiZnlNsQ,OagU5JAnAB2,,1
URyL7Dv9F4U,202405,ZYfAiZnlNsQ,DBgcRz5pwmx,,20
URyL7Dv9F4U,202405,ZYfAiZnlNsQ,m86SGbjvx3c,,26
URyL7Dv9F4U,202405,ZYfAiZnlNsQ,i4713V3D9wi,,1
YBdu7j2gGjC,202405,ZYfAiZnlNsQ,TU97qv4vJ5O,,8
YBdu7j2gGjC,202405,ZYfAiZnlNsQ,hyVPPHNEwLB,,6
YBdu7j2gGjC,202405,ZYfAiZnlNsQ,az6WUd9cNW8,,7
YBdu7j2gGjC,202405,ZYfAiZnlNsQ,UQaQKObbrwj,,2
YBdu7j2gGjC,202405,ZYfAiZnlNsQ,ydvrOz9X2My,,2
YBdu7j2gGjC,202405,ZYfAiZnlNsQ,c4FaWCHZi2O,,6
YBdu7j2gGjC,202405,ZYfAiZnlNsQ,X1ckVzLvwRB,,4
YBdu7j2gGjC,202405,ZYfAiZnlNsQ,QZCuRi4MOLN,,2
YBdu7j2gGjC,202405,ZYfAiZnlNsQ,NFKXwU6Oeta,,2
YBdu7j2gGjC,202405,ZYfAiZnlNsQ,f95YntMQY6i,,2
YBdu7j2gGjC,202405,ZYfAiZnlNsQ,yDfHPRaDxwe,,1
YBdu7j2gGjC,202405,ZYfAiZnlNsQ,VZNJvQNlECI,,1
YBdu7j2gGjC,202405,ZYfAiZnlNsQ,OdBhPUGWQ5m,,1
YBdu7j2gGjC,202405,ZYfAiZnlNsQ,NHtO8EwLQ9l,,1
YBdu7j2gGjC,202405,ZYfAiZnlNsQ,ldWyKRgvIyU,,2
YBdu7j2gGjC,202405,ZYfAiZnlNsQ,Z2jmPAIHrel,,2
YBdu7j2gGjC,202405,ZYfAiZnlNsQ,ltwvGENFQ0F,,4
YBdu7j2gGjC,202405,ZYfAiZnlNsQ,prSfkXlKE2r,,1
URyL7Dv9F4U,202405,bBrbpLQLWBG,gQdRcUWZFrU,,18
URyL7Dv9F4U,202405,bBrbpLQLWBG,LdmyQ035OAI,,84
URyL7Dv9F4U,202405,bBrbpLQLWBG,m86SGbjvx3c,,46
URyL7Dv9F4U,202405,bBrbpLQLWBG,axFk9jGNugE,,48
URyL7Dv9F4U,202405,bBrbpLQLWBG,DBgcRz5pwmx,,31
URyL7Dv9F4U,202405,bBrbpLQLWBG,eYl3FyS4bO3,,1
URyL7Dv9F4U,202405,bBrbpLQLWBG,OagU5JAnAB2,,1
URyL7Dv9F4U,202405,bBrbpLQLWBG,MRGBPtNHxDx,,1
URyL7Dv9F4U,202405,bBrbpLQLWBG,i4713V3D9wi,,1
YBdu7j2gGjC,202405,bBrbpLQLWBG,ldWyKRgvIyU,,2
YBdu7j2gGjC,202405,bBrbpLQLWBG,Z0jVIrTmC1P,,1
YBdu7j2gGjC,202405,bBrbpLQLWBG,ydvrOz9X2My,,3
YBdu7j2gGjC,202405,bBrbpLQLWBG,hyVPPHNEwLB,,2
YBdu7j2gGjC,202405,bBrbpLQLWBG,TU97qv4vJ5O,,1
YBdu7j2gGjC,202405,bBrbpLQLWBG,NFKXwU6Oeta,,1
YBdu7j2gGjC,202405,bBrbpLQLWBG,c4FaWCHZi2O,,4
YBdu7j2gGjC,202405,bBrbpLQLWBG,pe07Wvr90Zc,,1
YBdu7j2gGjC,202405,bBrbpLQLWBG,f95YntMQY6i,,1
YBdu7j2gGjC,202405,bBrbpLQLWBG,VZNJvQNlECI,,1
URyL7Dv9F4U,202405,dtAHOODVMmB,axFk9jGNugE,,68
URyL7Dv9F4U,202405,dtAHOODVMmB,eYl3FyS4bO3,,1
URyL7Dv9F4U,202405,dtAHOODVMmB,LdmyQ035OAI,,59
URyL7Dv9F4U,202405,dtAHOODVMmB,gQdRcUWZFrU,,56
URyL7Dv9F4U,202405,dtAHOODVMmB,DBgcRz5pwmx,,33
URyL7Dv9F4U,202405,dtAHOODVMmB,m86SGbjvx3c,,42
URyL7Dv9F4U,202405,dtAHOODVMmB,jFLRuq8sI4g,,3
URyL7Dv9F4U,202405,dtAHOODVMmB,pAyK9RckfKe,,2
URyL7Dv9F4U,202405,dtAHOODVMmB,MRGBPtNHxDx,,1
YBdu7j2gGjC,202405,dtAHOODVMmB,TU97qv4vJ5O,,104
YBdu7j2gGjC,202405,dtAHOODVMmB,PFWJho4V0Bq,,144
YBdu7j2gGjC,202405,dtAHOODVMmB,yDfHPRaDxwe,,143
YBdu7j2gGjC,202405,dtAHOODVMmB,hyVPPHNEwLB,,121
YBdu7j2gGjC,202405,dtAHOODVMmB,X8pGUJitiVE,,117
YBdu7j2gGjC,202405,dtAHOODVMmB,prSfkXlKE2r,,159
YBdu7j2gGjC,202405,dtAHOODVMmB,ltwvGENFQ0F,,69
YBdu7j2gGjC,202405,dtAHOODVMmB,ydvrOz9X2My,,67
YBdu7j2gGjC,202405,dtAHOODVMmB,NHtO8EwLQ9l,,42
YBdu7j2gGjC,202405,dtAHOODVMmB,frIsAnU6KOZ,,125
YBdu7j2gGjC,202405,dtAHOODVMmB,f95YntMQY6i,,4
YBdu7j2gGjC,202405,dtAHOODVMmB,az6WUd9cNW8,,19
YBdu7j2gGjC,202405,dtAHOODVMmB,RnKGfzcpePu,,90
YBdu7j2gGjC,202405,dtAHOODVMmB,c4FaWCHZi2O,,15
YBdu7j2gGjC,202405,dtAHOODVMmB,VZNJvQNlECI,,3
YBdu7j2gGjC,202405,dtAHOODVMmB,X1ckVzLvwRB,,3
YBdu7j2gGjC,202405,dtAHOODVMmB,pe07Wvr90Zc,,5
YBdu7j2gGjC,202405,dtAHOODVMmB,ldWyKRgvIyU,,8
YBdu7j2gGjC,202405,dtAHOODVMmB,NFKXwU6Oeta,,19
YBdu7j2gGjC,202405,dtAHOODVMmB,QZCuRi4MOLN,,5
YBdu7j2gGjC,202405,dtAHOODVMmB,rZH5lIUD4nH,,1
YBdu7j2gGjC,202405,dtAHOODVMmB,BoN2WhPnYl1,,4
YBdu7j2gGjC,202405,dtAHOODVMmB,Z0jVIrTmC1P,,4
YBdu7j2gGjC,202405,dtAHOODVMmB,fhtynTWtvqv,,2
YBdu7j2gGjC,202405,dtAHOODVMmB,UQaQKObbrwj,,3
YBdu7j2gGjC,202405,dtAHOODVMmB,tDVcPbjxTPK,,1
YBdu7j2gGjC,202405,dtAHOODVMmB,zrFplyGIhtL,,1
YBdu7j2gGjC,202405,dtAHOODVMmB,T6zWRBnlJhR,,1
YBdu7j2gGjC,202405,dtAHOODVMmB,QNgjY1xNF2S,,1
YBdu7j2gGjC,202405,dtAHOODVMmB,X9GstRdTsEy,,1
YBdu7j2gGjC,202405,dtAHOODVMmB,HYtbCWnAdG9,,1
YBdu7j2gGjC,202405,dtAHOODVMmB,OdBhPUGWQ5m,,2
YBdu7j2gGjC,202405,dtAHOODVMmB,QdKC55saRRw,,1
URyL7Dv9F4U,202405,heJawklBYhN,axFk9jGNugE,,53
URyL7Dv9F4U,202405,heJawklBYhN,gQdRcUWZFrU,,35
URyL7Dv9F4U,202405,heJawklBYhN,LdmyQ035OAI,,56
URyL7Dv9F4U,202405,heJawklBYhN,THz9WIOohkb,,1
URyL7Dv9F4U,202405,heJawklBYhN,DBgcRz5pwmx,,17
URyL7Dv9F4U,202405,heJawklBYhN,eYl3FyS4bO3,,4
URyL7Dv9F4U,202405,heJawklBYhN,m86SGbjvx3c,,23
URyL7Dv9F4U,202405,heJawklBYhN,pAyK9RckfKe,,1
URyL7Dv9F4U,202405,heJawklBYhN,bXSSO7TWzvW,,1
YBdu7j2gGjC,202405,heJawklBYhN,TU97qv4vJ5O,,3
YBdu7j2gGjC,202405,heJawklBYhN,ydvrOz9X2My,,2
YBdu7j2gGjC,202405,heJawklBYhN,f95YntMQY6i,,1
YBdu7j2gGjC,202405,heJawklBYhN,az6WUd9cNW8,,1
YBdu7j2gGjC,202405,heJawklBYhN,HYtbCWnAdG9,,1
YBdu7j2gGjC,202405,heJawklBYhN,hyVPPHNEwLB,,2
YBdu7j2gGjC,202405,heJawklBYhN,PFWJho4V0Bq,,2
YBdu7j2gGjC,202405,heJawklBYhN,NHtO8EwLQ9l,,2
YBdu7j2gGjC,202405,heJawklBYhN,c4FaWCHZi2O,,1
YBdu7j2gGjC,202405,heJawklBYhN,yDfHPRaDxwe,,1
YBdu7j2gGjC,202405,heJawklBYhN,NFKXwU6Oeta,,1
YBdu7j2gGjC,202405,heJawklBYhN,X1ckVzLvwRB,,1
URyL7Dv9F4U,202405,oprOfxPSkim,gQdRcUWZFrU,,255
URyL7Dv9F4U,202405,oprOfxPSkim,m86SGbjvx3c,,150
URyL7Dv9F4U,202405,oprOfxPSkim,axFk9jGNugE,,320
URyL7Dv9F4U,202405,oprOfxPSkim,eYl3FyS4bO3,,13
URyL7Dv9F4U,202405,oprOfxPSkim,LdmyQ035OAI,,245
URyL7Dv9F4U,202405,oprOfxPSkim,DBgcRz5pwmx,,98
URyL7Dv9F4U,202405,oprOfxPSkim,i4713V3D9wi,,3
URyL7Dv9F4U,202405,oprOfxPSkim,pAyK9RckfKe,,7
URyL7Dv9F4U,202405,oprOfxPSkim,bXSSO7TWzvW,,2
URyL7Dv9F4U,202405,oprOfxPSkim,jFLRuq8sI4g,,4
URyL7Dv9F4U,202405,oprOfxPSkim,MRGBPtNHxDx,,5
URyL7Dv9F4U,202405,oprOfxPSkim,OagU5JAnAB2,,4
URyL7Dv9F4U,202405,oprOfxPSkim,KdoWTnzRWTZ,,1
YBdu7j2gGjC,202405,oprOfxPSkim,ldWyKRgvIyU,,4
YBdu7j2gGjC,202405,oprOfxPSkim,NGYepD2stMO,,1
YBdu7j2gGjC,202405,oprOfxPSkim,TU97qv4vJ5O,,10
YBdu7j2gGjC,202405,oprOfxPSkim,yDfHPRaDxwe,,3
YBdu7j2gGjC,202405,oprOfxPSkim,hyVPPHNEwLB,,6
YBdu7j2gGjC,202405,oprOfxPSkim,BoN2WhPnYl1,,5
YBdu7j2gGjC,202405,oprOfxPSkim,RnKGfzcpePu,,2
YBdu7j2gGjC,202405,oprOfxPSkim,pe07Wvr90Zc,,2
YBdu7j2gGjC,202405,oprOfxPSkim,yPnEtFpqtt5,,2
YBdu7j2gGjC,202405,oprOfxPSkim,NFKXwU6Oeta,,3
YBdu7j2gGjC,202405,oprOfxPSkim,VZNJvQNlECI,,1
YBdu7j2gGjC,202405,oprOfxPSkim,z6KOjZfpQcx,,3
YBdu7j2gGjC,202405,oprOfxPSkim,X8pGUJitiVE,,1
YBdu7j2gGjC,202405,oprOfxPSkim,HYtbCWnAdG9,,1
YBdu7j2gGjC,202405,oprOfxPSkim,FmEMWg0TP1j,,2
YBdu7j2gGjC,202405,oprOfxPSkim,ydvrOz9X2My,,4
YBdu7j2gGjC,202405,oprOfxPSkim,X1ckVzLvwRB,,1
YBdu7j2gGjC,202405,oprOfxPSkim,NlZJe4oDEFK,,1
YBdu7j2gGjC,202405,oprOfxPSkim,frIsAnU6KOZ,,1
YBdu7j2gGjC,202405,oprOfxPSkim,zrFplyGIhtL,,2
YBdu7j2gGjC,202405,oprOfxPSkim,f95YntMQY6i,,3
YBdu7j2gGjC,202405,oprOfxPSkim,KAyyHkzmuL1,,1
YBdu7j2gGjC,202405,oprOfxPSkim,UQaQKObbrwj,,5
YBdu7j2gGjC,202405,oprOfxPSkim,T6zWRBnlJhR,,1
YBdu7j2gGjC,202405,oprOfxPSkim,Q27GSYLDkGk,,1
YBdu7j2gGjC,202405,oprOfxPSkim,c4FaWCHZi2O,,3
YBdu7j2gGjC,202405,oprOfxPSkim,prSfkXlKE2r,,2
YBdu7j2gGjC,202405,oprOfxPSkim,ltwvGENFQ0F,,5
YBdu7j2gGjC,202405,oprOfxPSkim,Z0jVIrTmC1P,,2
YBdu7j2gGjC,202405,oprOfxPSkim,az6WUd9cNW8,,3
YBdu7j2gGjC,202405,oprOfxPSkim,QZCuRi4MOLN,,1
YBdu7j2gGjC,202405,oprOfxPSkim,eSoHGswqAsd,,2
URyL7Dv9F4U,202405,qxOseGp1suW,m86SGbjvx3c,,55
URyL7Dv9F4U,202405,qxOseGp1suW,gQdRcUWZFrU,,125
URyL7Dv9F4U,202405,qxOseGp1suW,LdmyQ035OAI,,84
URyL7Dv9F4U,202405,qxOseGp1suW,axFk9jGNugE,,118
URyL7Dv9F4U,202405,qxOseGp1suW,OagU5JAnAB2,,2
URyL7Dv9F4U,202405,qxOseGp1suW,DBgcRz5pwmx,,40
URyL7Dv9F4U,202405,qxOseGp1suW,i4713V3D9wi,,3
URyL7Dv9F4U,202405,qxOseGp1suW,MRGBPtNHxDx,,1
URyL7Dv9F4U,202405,qxOseGp1suW,eYl3FyS4bO3,,7
YBdu7j2gGjC,202405,qxOseGp1suW,PFWJho4V0Bq,,2
YBdu7j2gGjC,202405,qxOseGp1suW,f95YntMQY6i,,6
YBdu7j2gGjC,202405,qxOseGp1suW,TU97qv4vJ5O,,9
YBdu7j2gGjC,202405,qxOseGp1suW,UQaQKObbrwj,,5
YBdu7j2gGjC,202405,qxOseGp1suW,z6KOjZfpQcx,,3
YBdu7j2gGjC,202405,qxOseGp1suW,az6WUd9cNW8,,6
YBdu7j2gGjC,202405,qxOseGp1suW,NHtO8EwLQ9l,,4
YBdu7j2gGjC,202405,qxOseGp1suW,prSfkXlKE2r,,2
YBdu7j2gGjC,202405,qxOseGp1suW,ldWyKRgvIyU,,4
YBdu7j2gGjC,202405,qxOseGp1suW,hyVPPHNEwLB,,12
YBdu7j2gGjC,202405,qxOseGp1suW,c4FaWCHZi2O,,6
YBdu7j2gGjC,202405,qxOseGp1suW,BoN2WhPnYl1,,2
YBdu7j2gGjC,202405,qxOseGp1suW,ydvrOz9X2My,,1
YBdu7j2gGjC,202405,qxOseGp1suW,ltwvGENFQ0F,,3
YBdu7j2gGjC,202405,qxOseGp1suW,zrFplyGIhtL,,1
YBdu7j2gGjC,202405,qxOseGp1suW,MMyMkF05moq,,1
YBdu7j2gGjC,202405,qxOseGp1suW,QZCuRi4MOLN,,3
YBdu7j2gGjC,202405,qxOseGp1suW,NlZJe4oDEFK,,1
YBdu7j2gGjC,202405,qxOseGp1suW,VZNJvQNlECI,,2
YBdu7j2gGjC,202405,qxOseGp1suW,rZH5lIUD4nH,,1
YBdu7j2gGjC,202405,qxOseGp1suW,X1ckVzLvwRB,,4
YBdu7j2gGjC,202405,qxOseGp1suW,KY39qXVMOj1,,1
YBdu7j2gGjC,202405,qxOseGp1suW,Q27GSYLDkGk,,2
YBdu7j2gGjC,202405,qxOseGp1suW,yDfHPRaDxwe,,1
YBdu7j2gGjC,202405,qxOseGp1suW,RnKGfzcpePu,,1
YBdu7j2gGjC,202405,qxOseGp1suW,frIsAnU6KOZ,,1
YBdu7j2gGjC,202405,qxOseGp1suW,pe07Wvr90Zc,,1
URyL7Dv9F4U,202405,qzSCbktjbqN,m86SGbjvx3c,,42
URyL7Dv9F4U,202405,qzSCbktjbqN,LdmyQ035OAI,,58
URyL7Dv9F4U,202405,qzSCbktjbqN,DBgcRz5pwmx,,34
URyL7Dv9F4U,202405,qzSCbktjbqN,axFk9jGNugE,,48
URyL7Dv9F4U,202405,qzSCbktjbqN,gQdRcUWZFrU,,33
URyL7Dv9F4U,202405,qzSCbktjbqN,eYl3FyS4bO3,,7
URyL7Dv9F4U,202405,qzSCbktjbqN,pAyK9RckfKe,,4
URyL7Dv9F4U,202405,qzSCbktjbqN,jFLRuq8sI4g,,1
YBdu7j2gGjC,202405,qzSCbktjbqN,X8pGUJitiVE,,7
YBdu7j2gGjC,202405,qzSCbktjbqN,az6WUd9cNW8,,23
YBdu7j2gGjC,202405,qzSCbktjbqN,PFWJho4V0Bq,,8
YBdu7j2gGjC,202405,qzSCbktjbqN,QZCuRi4MOLN,,22
YBdu7j2gGjC,202405,qzSCbktjbqN,X1ckVzLvwRB,,10
YBdu7j2gGjC,202405,qzSCbktjbqN,MMyMkF05moq,,3
YBdu7j2gGjC,202405,qzSCbktjbqN,hyVPPHNEwLB,,32
YBdu7j2gGjC,202405,qzSCbktjbqN,frIsAnU6KOZ,,9
YBdu7j2gGjC,202405,qzSCbktjbqN,ltwvGENFQ0F,,33
YBdu7j2gGjC,202405,qzSCbktjbqN,c4FaWCHZi2O,,13
YBdu7j2gGjC,202405,qzSCbktjbqN,UQaQKObbrwj,,4
YBdu7j2gGjC,202405,qzSCbktjbqN,ydvrOz9X2My,,15
YBdu7j2gGjC,202405,qzSCbktjbqN,NHtO8EwLQ9l,,8
YBdu7j2gGjC,202405,qzSCbktjbqN,TU97qv4vJ5O,,30
YBdu7j2gGjC,202405,qzSCbktjbqN,pe07Wvr90Zc,,2
YBdu7j2gGjC,202405,qzSCbktjbqN,RnKGfzcpePu,,4
YBdu7j2gGjC,202405,qzSCbktjbqN,zrFplyGIhtL,,4
YBdu7j2gGjC,202405,qzSCbktjbqN,z6KOjZfpQcx,,3
YBdu7j2gGjC,202405,qzSCbktjbqN,ldWyKRgvIyU,,10
YBdu7j2gGjC,202405,qzSCbktjbqN,Z0jVIrTmC1P,,2
YBdu7j2gGjC,202405,qzSCbktjbqN,yDfHPRaDxwe,,2
YBdu7j2gGjC,202405,qzSCbktjbqN,f95YntMQY6i,,5
YBdu7j2gGjC,202405,qzSCbktjbqN,NFKXwU6Oeta,,5
YBdu7j2gGjC,202405,qzSCbktjbqN,yPnEtFpqtt5,,1
YBdu7j2gGjC,202405,qzSCbktjbqN,NlZJe4oDEFK,,1
YBdu7j2gGjC,202405,qzSCbktjbqN,VZNJvQNlECI,,2
YBdu7j2gGjC,202405,qzSCbktjbqN,Q27GSYLDkGk,,1
YBdu7j2gGjC,202405,qzSCbktjbqN,prSfkXlKE2r,,1
URyL7Dv9F4U,202405,r7ffzKHAPjn,MRGBPtNHxDx,,1
URyL7Dv9F4U,202405,r7ffzKHAPjn,OagU5JAnAB2,,1
YBdu7j2gGjC,202405,r7ffzKHAPjn,tDVcPbjxTPK,,2
YBdu7j2gGjC,202405,r7ffzKHAPjn,hyVPPHNEwLB,,13
YBdu7j2gGjC,202405,r7ffzKHAPjn,az6WUd9cNW8,,4
YBdu7j2gGjC,202405,r7ffzKHAPjn,ydvrOz9X2My,,11
YBdu7j2gGjC,202405,r7ffzKHAPjn,QZCuRi4MOLN,,3
YBdu7j2gGjC,202405,r7ffzKHAPjn,X1ckVzLvwRB,,6
YBdu7j2gGjC,202405,r7ffzKHAPjn,c4FaWCHZi2O,,6
YBdu7j2gGjC,202405,r7ffzKHAPjn,ldWyKRgvIyU,,6
YBdu7j2gGjC,202405,r7ffzKHAPjn,TU97qv4vJ5O,,7
YBdu7j2gGjC,202405,r7ffzKHAPjn,ltwvGENFQ0F,,4
YBdu7j2gGjC,202405,r7ffzKHAPjn,frIsAnU6KOZ,,3
YBdu7j2gGjC,202405,r7ffzKHAPjn,VZNJvQNlECI,,3
YBdu7j2gGjC,202405,r7ffzKHAPjn,prSfkXlKE2r,,2
YBdu7j2gGjC,202405,r7ffzKHAPjn,f95YntMQY6i,,9
YBdu7j2gGjC,202405,r7ffzKHAPjn,pe07Wvr90Zc,,5
YBdu7j2gGjC,202405,r7ffzKHAPjn,yDfHPRaDxwe,,3
YBdu7j2gGjC,202405,r7ffzKHAPjn,NFKXwU6Oeta,,4
YBdu7j2gGjC,202405,r7ffzKHAPjn,NHtO8EwLQ9l,,4
YBdu7j2gGjC,202405,r7ffzKHAPjn,UQaQKObbrwj,,7
YBdu7j2gGjC,202405,r7ffzKHAPjn,KY39qXVMOj1,,1
YBdu7j2gGjC,202405,r7ffzKHAPjn,MMyMkF05moq,,1
YBdu7j2gGjC,202405,r7ffzKHAPjn,HYtbCWnAdG9,,2
YBdu7j2gGjC,202405,r7ffzKHAPjn,zrFplyGIhtL,,1
YBdu7j2gGjC,202405,r7ffzKHAPjn,Z0jVIrTmC1P,,2
YBdu7j2gGjC,202405,rnvnawOH29g,az6WUd9cNW8,,30
YBdu7j2gGjC,202405,rnvnawOH29g,MMyMkF05moq,,3
YBdu7j2gGjC,202405,rnvnawOH29g,hyVPPHNEwLB,,37
YBdu7j2gGjC,202405,rnvnawOH29g,yPnEtFpqtt5,,1
YBdu7j2gGjC,202405,rnvnawOH29g,NHtO8EwLQ9l,,13
YBdu7j2gGjC,202405,rnvnawOH29g,BoN2WhPnYl1,,1
YBdu7j2gGjC,202405,rnvnawOH29g,QZCuRi4MOLN,,14
YBdu7j2gGjC,202405,rnvnawOH29g,ltwvGENFQ0F,,14
YBdu7j2gGjC,202405,rnvnawOH29g,X1ckVzLvwRB,,31
YBdu7j2gGjC,202405,rnvnawOH29g,pe07Wvr90Zc,,9
YBdu7j2gGjC,202405,rnvnawOH29g,f95YntMQY6i,,23
YBdu7j2gGjC,202405,rnvnawOH29g,NFKXwU6Oeta,,8
YBdu7j2gGjC,202405,rnvnawOH29g,UQaQKObbrwj,,20
YBdu7j2gGjC,202405,rnvnawOH29g,zrFplyGIhtL,,2
YBdu7j2gGjC,202405,rnvnawOH29g,TU97qv4vJ5O,,29
YBdu7j2gGjC,202405,rnvnawOH29g,tDVcPbjxTPK,,1
YBdu7j2gGjC,202405,rnvnawOH29g,Z0jVIrTmC1P,,9
YBdu7j2gGjC,202405,rnvnawOH29g,ldWyKRgvIyU,,10
YBdu7j2gGjC,202405,rnvnawOH29g,c4FaWCHZi2O,,25
YBdu7j2gGjC,202405,rnvnawOH29g,PFWJho4V0Bq,,2
YBdu7j2gGjC,202405,rnvnawOH29g,VZNJvQNlECI,,10
YBdu7j2gGjC,202405,rnvnawOH29g,NGYepD2stMO,,1
YBdu7j2gGjC,202405,rnvnawOH29g,HYtbCWnAdG9,,6
YBdu7j2gGjC,202405,rnvnawOH29g,prSfkXlKE2r,,1
YBdu7j2gGjC,202405,rnvnawOH29g,Q27GSYLDkGk,,3
YBdu7j2gGjC,202405,rnvnawOH29g,z6KOjZfpQcx,,1
YBdu7j2gGjC,202405,rnvnawOH29g,ydvrOz9X2My,,14
YBdu7j2gGjC,202405,rnvnawOH29g,eSoHGswqAsd,,1
YBdu7j2gGjC,202405,rnvnawOH29g,FmEMWg0TP1j,,1
YBdu7j2gGjC,202405,rnvnawOH29g,yDfHPRaDxwe,,1
YBdu7j2gGjC,202405,rnvnawOH29g,X8pGUJitiVE,,1
YBdu7j2gGjC,202405,rnvnawOH29g,RnKGfzcpePu,,1
URyL7Dv9F4U,202405,x5H7RTfEiSC,LdmyQ035OAI,,25
URyL7Dv9F4U,202405,x5H7RTfEiSC,m86SGbjvx3c,,21
URyL7Dv9F4U,202405,x5H7RTfEiSC,axFk9jGNugE,,60
URyL7Dv9F4U,202405,x5H7RTfEiSC,DBgcRz5pwmx,,11
URyL7Dv9F4U,202405,x5H7RTfEiSC,gQdRcUWZFrU,,31
URyL7Dv9F4U,202405,x5H7RTfEiSC,MRGBPtNHxDx,,1
URyL7Dv9F4U,202405,x5H7RTfEiSC,eYl3FyS4bO3,,3
URyL7Dv9F4U,202405,x5H7RTfEiSC,pAyK9RckfKe,,1
URyL7Dv9F4U,202405,x5H7RTfEiSC,i4713V3D9wi,,1
YBdu7j2gGjC,202405,x5H7RTfEiSC,ydvrOz9X2My,,14
YBdu7j2gGjC,202405,x5H7RTfEiSC,PFWJho4V0Bq,,4
YBdu7j2gGjC,202405,x5H7RTfEiSC,TU97qv4vJ5O,,14
YBdu7j2gGjC,202405,x5H7RTfEiSC,prSfkXlKE2r,,4
YBdu7j2gGjC,202405,x5H7RTfEiSC,RnKGfzcpePu,,2
YBdu7j2gGjC,202405,x5H7RTfEiSC,az6WUd9cNW8,,12
YBdu7j2gGjC,202405,x5H7RTfEiSC,hyVPPHNEwLB,,18
YBdu7j2gGjC,202405,x5H7RTfEiSC,X8pGUJitiVE,,2
YBdu7j2gGjC,202405,x5H7RTfEiSC,NHtO8EwLQ9l,,3
YBdu7j2gGjC,202405,x5H7RTfEiSC,ltwvGENFQ0F,,9
YBdu7j2gGjC,202405,x5H7RTfEiSC,NFKXwU6Oeta,,5
YBdu7j2gGjC,202405,x5H7RTfEiSC,X1ckVzLvwRB,,10
YBdu7j2gGjC,202405,x5H7RTfEiSC,yDfHPRaDxwe,,2
YBdu7j2gGjC,202405,x5H7RTfEiSC,f95YntMQY6i,,2
YBdu7j2gGjC,202405,x5H7RTfEiSC,c4FaWCHZi2O,,7
YBdu7j2gGjC,202405,x5H7RTfEiSC,frIsAnU6KOZ,,4
YBdu7j2gGjC,202405,x5H7RTfEiSC,QZCuRi4MOLN,,5
YBdu7j2gGjC,202405,x5H7RTfEiSC,ldWyKRgvIyU,,5
YBdu7j2gGjC,202405,x5H7RTfEiSC,VZNJvQNlECI,,1
YBdu7j2gGjC,202405,x5H7RTfEiSC,Z0jVIrTmC1P,,2
YBdu7j2gGjC,202405,x5H7RTfEiSC,pe07Wvr90Zc,,6
YBdu7j2gGjC,202405,x5H7RTfEiSC,z6KOjZfpQcx,,1
YBdu7j2gGjC,202405,x5H7RTfEiSC,UQaQKObbrwj,,2
YBdu7j2gGjC,202405,x5H7RTfEiSC,zrFplyGIhtL,,1
URyL7Dv9F4U,202405,ylUEBY5uoL7,LdmyQ035OAI,,82
URyL7Dv9F4U,202405,ylUEBY5uoL7,gQdRcUWZFrU,,99
URyL7Dv9F4U,202405,ylUEBY5uoL7,axFk9jGNugE,,127
URyL7Dv9F4U,202405,ylUEBY5uoL7,m86SGbjvx3c,,30
URyL7Dv9F4U,202405,ylUEBY5uoL7,DBgcRz5pwmx,,27
URyL7Dv9F4U,202405,ylUEBY5uoL7,OagU5JAnAB2,,5
URyL7Dv9F4U,202405,ylUEBY5uoL7,pAyK9RckfKe,,4
URyL7Dv9F4U,202405,ylUEBY5uoL7,MRGBPtNHxDx,,8
URyL7Dv9F4U,202405,ylUEBY5uoL7,KdoWTnzRWTZ,,3
URyL7Dv9F4U,202405,ylUEBY5uoL7,eYl3FyS4bO3,,6
URyL7Dv9F4U,202405,ylUEBY5uoL7,i4713V3D9wi,,1
YBdu7j2gGjC,202405,ylUEBY5uoL7,HYtbCWnAdG9,,5
YBdu7j2gGjC,202405,ylUEBY5uoL7,ydvrOz9X2My,,5
YBdu7j2gGjC,202405,ylUEBY5uoL7,TU97qv4vJ5O,,6
YBdu7j2gGjC,202405,ylUEBY5uoL7,RnaDS67VAvQ,,1
YBdu7j2gGjC,202405,ylUEBY5uoL7,rZH5lIUD4nH,,1
YBdu7j2gGjC,202405,ylUEBY5uoL7,PFWJho4V0Bq,,2
YBdu7j2gGjC,202405,ylUEBY5uoL7,z6KOjZfpQcx,,1
YBdu7j2gGjC,202405,ylUEBY5uoL7,hyVPPHNEwLB,,4
YBdu7j2gGjC,202405,ylUEBY5uoL7,FmEMWg0TP1j,,2
YBdu7j2gGjC,202405,ylUEBY5uoL7,ltwvGENFQ0F,,1
YBdu7j2gGjC,202405,ylUEBY5uoL7,T6zWRBnlJhR,,1
YBdu7j2gGjC,202405,ylUEBY5uoL7,BoN2WhPnYl1,,3
YBdu7j2gGjC,202405,ylUEBY5uoL7,frIsAnU6KOZ,,2
YBdu7j2gGjC,202405,ylUEBY5uoL7,yPnEtFpqtt5,,1
YBdu7j2gGjC,202405,ylUEBY5uoL7,prSfkXlKE2r,,1
YBdu7j2gGjC,202405,ylUEBY5uoL7,KAyyHkzmuL1,,1
YBdu7j2gGjC,202405,ylUEBY5uoL7,c4FaWCHZi2O,,1
YBdu7j2gGjC,202405,ylUEBY5uoL7,NHtO8EwLQ9l,,1
YBdu7j2gGjC,202405,ylUEBY5uoL7,NlZJe4oDEFK,,1
YBdu7j2gGjC,202405,ylUEBY5uoL7,NFKXwU6Oeta,,1
YBdu7j2gGjC,202405,ylUEBY5uoL7,yDfHPRaDxwe,,2
YBdu7j2gGjC,202405,ylUEBY5uoL7,az6WUd9cNW8,,1
YBdu7j2gGjC,202405,ylUEBY5uoL7,X8pGUJitiVE,,1
YBdu7j2gGjC,202405,ylUEBY5uoL7,zrFplyGIhtL,,1